Date,Close,High,Low,Open,Volume
2016-03-14,19.329999923706055,19.530000686645508,19.15999984741211,19.450000762939453,794500
2016-03-15,18.3700008392334,19.290000915527344,18.31999969482422,19.170000076293945,1333900
2016-03-16,18.5,18.829999923706055,18.200000762939453,18.219999313354492,1138700
2016-03-17,18.8799991607666,19.100000381469727,18.440000534057617,18.5,1345200
2016-03-18,19.079999923706055,19.209999084472656,18.940000534057617,18.979999542236328,1467000
2016-03-21,18.959999084472656,19.469999313354492,18.780000686645508,19.0,814500
2016-03-22,18.729999542236328,19.209999084472656,18.709999084472656,18.889999389648438,632800
2016-03-23,18.3799991607666,18.760000228881836,18.3700008392334,18.6299991607666,965200
2016-03-24,18.270000457763672,18.40999984741211,18.100000381469727,18.280000686645508,636000
2016-03-28,18.309999465942383,18.600000381469727,18.200000762939453,18.31999969482422,470600
2016-03-29,19.520000457763672,19.530000686645508,18.280000686645508,18.350000381469727,1381400
2016-03-30,19.6200008392334,19.829999923706055,19.420000076293945,19.719999313354492,1130200
2016-03-31,19.6299991607666,19.889999389648438,19.3799991607666,19.579999923706055,899900
2016-04-01,19.049999237060547,19.600000381469727,19.0,19.420000076293945,1004500
2016-04-04,18.6200008392334,19.209999084472656,18.600000381469727,19.0,835100
2016-04-05,18.540000915527344,18.65999984741211,18.40999984741211,18.520000457763672,641600
2016-04-06,18.68000030517578,18.770000457763672,18.450000762939453,18.489999771118164,726100
2016-04-07,18.610000610351562,18.950000762939453,18.440000534057617,18.469999313354492,750000
2016-04-08,18.299999237060547,18.93000030517578,18.239999771118164,18.860000610351562,660000
2016-04-11,18.459999084472656,18.770000457763672,18.389999389648438,18.459999084472656,595700
2016-04-12,18.829999923706055,19.0,18.389999389648438,18.520000457763672,609500
2016-04-13,19.520000457763672,19.6299991607666,18.920000076293945,18.989999771118164,886300
2016-04-14,19.31999969482422,19.729999542236328,19.280000686645508,19.56999969482422,544800
2016-04-15,19.139999389648438,19.389999389648438,18.889999389648438,19.209999084472656,481600
2016-04-18,18.489999771118164,18.84000015258789,17.799999237060547,18.0,2237700
2016-04-19,18.6299991607666,18.93000030517578,18.290000915527344,18.510000228881836,894800
2016-04-20,18.540000915527344,18.899999618530273,18.43000030517578,18.68000030517578,715500
2016-04-21,18.670000076293945,19.100000381469727,18.56999969482422,19.010000228881836,789600
2016-04-22,18.670000076293945,18.799999237060547,18.450000762939453,18.540000915527344,641900
2016-04-25,18.149999618530273,18.719999313354492,18.030000686645508,18.520000457763672,780000
2016-04-26,18.43000030517578,18.479999542236328,18.06999969482422,18.139999389648438,551600
2016-04-27,18.610000610351562,18.709999084472656,18.219999313354492,18.360000610351562,705200
2016-04-28,18.110000610351562,18.690000534057617,18.09000015258789,18.40999984741211,838200
2016-04-29,18.260000228881836,18.520000457763672,18.110000610351562,18.1299991607666,568300
2016-05-02,18.530000686645508,18.600000381469727,18.1299991607666,18.25,498600
2016-05-03,17.799999237060547,18.3700008392334,17.56999969482422,18.280000686645508,820000
2016-05-04,17.65999984741211,17.75,17.18000030517578,17.610000610351562,1475600
2016-05-05,18.309999465942383,19.1299991607666,17.760000228881836,18.239999771118164,2697800
2016-05-06,18.139999389648438,18.389999389648438,17.760000228881836,18.0,1179000
2016-05-09,18.559999465942383,18.670000076293945,18.049999237060547,18.09000015258789,682100
2016-05-10,19.40999984741211,19.40999984741211,18.479999542236328,18.65999984741211,1044900
2016-05-11,19.790000915527344,20.0,19.200000762939453,19.329999923706055,1209600
2016-05-12,19.700000762939453,19.989999771118164,19.31999969482422,19.8700008392334,1006600
2016-05-13,19.3700008392334,19.719999313354492,19.309999465942383,19.639999389648438,580200
2016-05-16,19.3700008392334,19.959999084472656,19.34000015258789,19.389999389648438,1188400
2016-05-17,20.700000762939453,20.93000030517578,19.3700008392334,19.420000076293945,2554600
2016-05-18,20.780000686645508,21.270000457763672,20.479999542236328,20.639999389648438,1892100
2016-05-19,21.1200008392334,21.200000762939453,20.309999465942383,20.600000381469727,965800
2016-05-20,21.700000762939453,21.75,21.030000686645508,21.149999618530273,959200
2016-05-23,21.450000762939453,21.770000457763672,21.3799991607666,21.739999771118164,636100
2016-05-24,21.860000610351562,21.920000076293945,21.469999313354492,21.510000228881836,773400
2016-05-25,21.940000534057617,22.15999984741211,21.8799991607666,21.950000762939453,663100
2016-05-26,22.020000457763672,22.06999969482422,21.770000457763672,21.940000534057617,536800
2016-05-27,21.959999084472656,22.15999984741211,21.829999923706055,22.010000228881836,573000
2016-05-31,22.3700008392334,22.420000076293945,21.81999969482422,22.010000228881836,632700
2016-06-01,22.31999969482422,22.399999618530273,21.979999542236328,22.309999465942383,759700
2016-06-02,22.850000381469727,22.8799991607666,22.049999237060547,22.260000228881836,732600
2016-06-03,22.760000228881836,22.940000534057617,22.56999969482422,22.8700008392334,795700
2016-06-06,22.969999313354492,23.040000915527344,22.75,22.760000228881836,663900
2016-06-07,23.079999923706055,23.309999465942383,22.8799991607666,23.0,632700
2016-06-08,23.520000457763672,23.549999237060547,23.079999923706055,23.18000030517578,629000
2016-06-09,23.299999237060547,23.770000457763672,23.229999542236328,23.469999313354492,835800
2016-06-10,22.760000228881836,23.219999313354492,22.649999618530273,23.139999389648438,678700
2016-06-13,22.75,22.959999084472656,22.399999618530273,22.729999542236328,604100
2016-06-14,22.65999984741211,22.969999313354492,22.43000030517578,22.649999618530273,544300
2016-06-15,22.770000457763672,22.959999084472656,22.559999465942383,22.81999969482422,413600
2016-06-16,22.6200008392334,22.690000534057617,22.200000762939453,22.6299991607666,516100
2016-06-17,22.93000030517578,23.09000015258789,22.31999969482422,22.700000762939453,1284300
2016-06-20,23.350000381469727,23.59000015258789,22.93000030517578,23.15999984741211,621900
2016-06-21,23.1200008392334,23.399999618530273,22.969999313354492,23.299999237060547,315200
2016-06-22,23.670000076293945,23.8799991607666,23.219999313354492,23.239999771118164,844600
2016-06-23,23.959999084472656,24.079999923706055,23.700000762939453,23.950000762939453,586300
2016-06-24,22.979999542236328,23.40999984741211,22.25,22.43000030517578,1501400
2016-06-27,22.760000228881836,23.290000915527344,22.530000686645508,22.739999771118164,892300
2016-06-28,23.549999237060547,23.920000076293945,23.100000381469727,23.100000381469727,796600
2016-06-29,24.219999313354492,24.299999237060547,23.65999984741211,23.889999389648438,777900
2016-06-30,24.8799991607666,24.940000534057617,24.09000015258789,24.3799991607666,1180800
2016-07-01,24.889999389648438,25.0,24.649999618530273,25.0,627800
2016-07-05,25.100000381469727,25.1299991607666,24.459999084472656,24.670000076293945,625800
2016-07-06,25.049999237060547,25.59000015258789,24.950000762939453,25.56999969482422,1308200
2016-07-07,25.770000457763672,25.850000381469727,25.09000015258789,25.09000015258789,994900
2016-07-08,27.299999237060547,27.799999237060547,26.700000762939453,26.989999771118164,3315900
2016-07-11,27.65999984741211,28.579999923706055,27.5,27.600000381469727,2054600
2016-07-12,27.0,28.18000030517578,26.389999389648438,28.020000457763672,2184100
2016-07-13,27.010000228881836,27.329999923706055,26.709999084472656,27.040000915527344,1363000
2016-07-14,27.649999618530273,27.739999771118164,27.100000381469727,27.170000076293945,1113300
2016-07-15,27.200000762939453,27.860000610351562,27.1200008392334,27.700000762939453,701200
2016-07-18,27.989999771118164,28.420000076293945,27.43000030517578,27.770000457763672,1576500
2016-07-19,28.1200008392334,28.469999313354492,27.6299991607666,28.0,1144800
2016-07-20,28.260000228881836,28.709999084472656,27.81999969482422,28.170000076293945,1022400
2016-07-21,28.200000762939453,28.440000534057617,28.010000228881836,28.200000762939453,824100
2016-07-22,28.479999542236328,28.649999618530273,27.8700008392334,28.139999389648438,869400
2016-07-25,28.5,28.739999771118164,28.40999984741211,28.530000686645508,764500
2016-07-26,28.65999984741211,28.920000076293945,28.389999389648438,28.68000030517578,663800
2016-07-27,28.780000686645508,28.989999771118164,28.56999969482422,28.81999969482422,818900
2016-07-28,28.489999771118164,28.850000381469727,28.420000076293945,28.799999237060547,801100
2016-07-29,28.959999084472656,29.079999923706055,28.049999237060547,28.600000381469727,1149100
2016-08-01,29.15999984741211,29.579999923706055,28.940000534057617,29.209999084472656,772000
2016-08-02,28.84000015258789,29.420000076293945,28.530000686645508,29.18000030517578,848500
2016-08-03,28.719999313354492,29.0,28.399999618530273,28.799999237060547,889700
2016-08-04,28.950000762939453,29.149999618530273,28.510000228881836,28.719999313354492,1418100
2016-08-05,29.260000228881836,30.149999618530273,28.479999542236328,29.600000381469727,2508300
2016-08-08,28.739999771118164,29.459999084472656,28.6299991607666,29.25,1440000
2016-08-09,28.690000534057617,29.06999969482422,28.530000686645508,28.729999542236328,1110300
2016-08-10,28.68000030517578,28.760000228881836,28.18000030517578,28.540000915527344,774600
2016-08-11,29.1200008392334,29.440000534057617,28.6299991607666,28.6299991607666,842900
2016-08-12,29.1200008392334,29.350000381469727,28.850000381469727,29.0,508200
2016-08-15,29.43000030517578,29.530000686645508,28.90999984741211,29.1200008392334,698700
2016-08-16,29.450000762939453,29.799999237060547,29.290000915527344,29.520000457763672,746100
2016-08-17,29.350000381469727,29.600000381469727,29.25,29.34000015258789,827200
2016-08-18,29.43000030517578,29.559999465942383,29.139999389648438,29.260000228881836,522400
2016-08-19,29.110000610351562,29.399999618530273,29.030000686645508,29.3799991607666,687800
2016-08-22,29.040000915527344,29.209999084472656,28.6299991607666,29.049999237060547,707500
2016-08-23,28.93000030517578,29.290000915527344,28.850000381469727,29.100000381469727,758900
2016-08-24,28.5,29.149999618530273,28.350000381469727,28.93000030517578,949400
2016-08-25,28.690000534057617,28.8799991607666,28.40999984741211,28.450000762939453,520300
2016-08-26,28.510000228881836,28.84000015258789,28.420000076293945,28.670000076293945,505400
2016-08-29,28.760000228881836,28.950000762939453,28.559999465942383,28.559999465942383,482900
2016-08-30,29.40999984741211,29.68000030517578,28.65999984741211,28.65999984741211,1735000
2016-08-31,27.079999923706055,29.3799991607666,26.610000610351562,29.3700008392334,2863500
2016-09-01,26.850000381469727,27.579999923706055,26.450000762939453,27.209999084472656,1163900
2016-09-02,26.56999969482422,27.18000030517578,26.450000762939453,26.969999313354492,850200
2016-09-06,26.40999984741211,26.979999542236328,26.239999771118164,26.75,850900
2016-09-07,26.1200008392334,26.510000228881836,25.920000076293945,26.3799991607666,833000
2016-09-08,25.860000610351562,26.239999771118164,25.760000228881836,25.979999542236328,777500
2016-09-09,25.18000030517578,25.84000015258789,25.049999237060547,25.639999389648438,889700
2016-09-12,25.389999389648438,25.520000457763672,25.0,25.020000457763672,438300
2016-09-13,25.010000228881836,25.600000381469727,24.920000076293945,25.260000228881836,793800
2016-09-14,25.170000076293945,26.020000457763672,25.010000228881836,25.489999771118164,513100
2016-09-15,25.540000915527344,25.6299991607666,25.18000030517578,25.18000030517578,574600
2016-09-16,25.450000762939453,26.440000534057617,25.350000381469727,26.440000534057617,770200
2016-09-19,26.020000457763672,26.209999084472656,25.5,25.530000686645508,725300
2016-09-20,26.420000076293945,26.469999313354492,26.059999465942383,26.270000457763672,638000
2016-09-21,27.56999969482422,27.600000381469727,26.540000915527344,26.65999984741211,1078000
2016-09-22,28.239999771118164,28.56999969482422,28.030000686645508,28.219999313354492,1230600
2016-09-23,28.100000381469727,28.219999313354492,27.920000076293945,28.110000610351562,483200
2016-09-26,28.299999237060547,28.40999984741211,27.920000076293945,27.93000030517578,696000
2016-09-27,28.40999984741211,28.530000686645508,28.190000534057617,28.299999237060547,568900
2016-09-28,28.850000381469727,28.920000076293945,28.40999984741211,28.56999969482422,764300
2016-09-29,28.93000030517578,29.0,28.540000915527344,28.709999084472656,926100
2016-09-30,28.610000610351562,28.989999771118164,28.56999969482422,28.93000030517578,1914100
2016-10-03,24.290000915527344,26.0,24.219999313354492,25.920000076293945,8055100
2016-10-04,23.709999084472656,24.700000762939453,23.6200008392334,24.649999618530273,2807800
2016-10-05,23.200000762939453,23.989999771118164,22.920000076293945,23.8700008392334,3041000
2016-10-06,23.299999237060547,23.420000076293945,22.809999465942383,23.09000015258789,2079100
2016-10-07,22.43000030517578,23.209999084472656,22.420000076293945,23.15999984741211,1332400
2016-10-10,22.719999313354492,22.90999984741211,22.510000228881836,22.510000228881836,1201900
2016-10-11,22.399999618530273,23.81999969482422,22.18000030517578,23.81999969482422,1028900
2016-10-12,22.489999771118164,22.690000534057617,22.260000228881836,22.469999313354492,699300
2016-10-13,22.09000015258789,22.200000762939453,21.5,21.790000915527344,970200
2016-10-14,22.770000457763672,23.280000686645508,22.329999923706055,22.649999618530273,1915900
2016-10-17,22.920000076293945,23.049999237060547,22.6200008392334,22.68000030517578,925700
2016-10-18,22.6299991607666,23.170000076293945,22.579999923706055,23.049999237060547,941900
2016-10-19,23.219999313354492,23.34000015258789,22.690000534057617,22.690000534057617,670800
2016-10-20,23.110000610351562,23.290000915527344,23.079999923706055,23.25,483500
2016-10-21,23.200000762939453,23.200000762939453,22.860000610351562,23.0,410100
2016-10-24,23.540000915527344,23.6200008392334,23.270000457763672,23.280000686645508,388300
2016-10-25,23.190000534057617,23.729999542236328,23.049999237060547,23.639999389648438,515600
2016-10-26,22.989999771118164,23.299999237060547,22.950000762939453,23.110000610351562,612300
2016-10-27,22.520000457763672,23.1299991607666,22.31999969482422,22.959999084472656,811100
2016-10-28,22.469999313354492,22.809999465942383,22.399999618530273,22.5,653600
2016-10-31,22.3799991607666,22.479999542236328,22.18000030517578,22.469999313354492,696100
2016-11-01,22.610000610351562,22.770000457763672,22.360000610351562,22.360000610351562,983800
2016-11-02,22.31999969482422,22.950000762939453,22.290000915527344,22.549999237060547,926700
2016-11-03,21.979999542236328,23.25,21.93000030517578,23.25,739600
2016-11-04,21.979999542236328,22.450000762939453,21.93000030517578,22.059999465942383,827600
2016-11-07,22.280000686645508,22.479999542236328,22.170000076293945,22.290000915527344,942500
2016-11-08,22.489999771118164,22.489999771118164,21.93000030517578,22.209999084472656,972600
2016-11-09,23.670000076293945,24.09000015258789,21.899999618530273,22.0,2991200
2016-11-10,26.81999969482422,28.0,25.809999465942383,26.34000015258789,6316600
2016-11-11,27.18000030517578,27.239999771118164,26.040000915527344,26.09000015258789,1448800
2016-11-14,27.510000228881836,27.90999984741211,27.18000030517578,27.239999771118164,1243400
2016-11-15,27.780000686645508,28.299999237060547,27.31999969482422,27.59000015258789,1806400
2016-11-16,27.760000228881836,27.950000762939453,27.329999923706055,27.59000015258789,626600
2016-11-17,27.959999084472656,28.200000762939453,27.670000076293945,27.84000015258789,525900
2016-11-18,27.790000915527344,28.139999389648438,27.760000228881836,27.969999313354492,420700
2016-11-21,27.309999465942383,28.0,27.020000457763672,27.780000686645508,1070600
2016-11-22,27.989999771118164,28.030000686645508,27.329999923706055,27.3700008392334,689500
2016-11-23,28.110000610351562,28.3799991607666,27.799999237060547,27.850000381469727,750300
2016-11-25,28.06999969482422,28.219999313354492,27.8700008392334,28.100000381469727,187300
2016-11-28,27.81999969482422,28.100000381469727,27.729999542236328,28.0,500600
2016-11-29,27.549999237060547,28.0,27.540000915527344,27.700000762939453,372400
2016-11-30,27.229999542236328,27.959999084472656,27.1299991607666,27.59000015258789,520100
2016-12-01,27.719999313354492,27.739999771118164,27.360000610351562,27.3700008392334,735000
2016-12-02,27.920000076293945,28.010000228881836,27.459999084472656,27.600000381469727,560900
2016-12-05,28.079999923706055,28.489999771118164,28.0,28.0,1002400
2016-12-06,28.190000534057617,28.3700008392334,27.889999389648438,28.299999237060547,531100
2016-12-07,27.520000457763672,28.440000534057617,27.450000762939453,28.440000534057617,1055600
2016-12-08,25.260000228881836,27.700000762939453,24.920000076293945,27.690000534057617,2370000
2016-12-09,23.850000381469727,25.459999084472656,23.75,25.270000457763672,2846400
2016-12-12,23.520000457763672,23.920000076293945,23.31999969482422,23.649999618530273,1247300
2016-12-13,23.579999923706055,23.979999542236328,23.34000015258789,23.559999465942383,772400
2016-12-14,24.200000762939453,24.670000076293945,23.600000381469727,23.600000381469727,1253100
2016-12-15,24.15999984741211,24.610000610351562,23.989999771118164,24.469999313354492,596000
2016-12-16,23.979999542236328,24.43000030517578,23.90999984741211,24.190000534057617,1002600
2016-12-19,23.989999771118164,24.25,23.75,23.979999542236328,629400
2016-12-20,24.3700008392334,24.760000228881836,24.020000457763672,24.649999618530273,451200
2016-12-21,25.010000228881836,25.59000015258789,24.149999618530273,24.440000534057617,1926500
2016-12-22,24.299999237060547,25.34000015258789,24.239999771118164,25.18000030517578,611500
2016-12-23,24.530000686645508,24.739999771118164,24.18000030517578,24.739999771118164,391800
2016-12-27,24.81999969482422,25.030000686645508,24.270000457763672,24.540000915527344,540300
2016-12-28,24.559999465942383,24.979999542236328,24.5,24.8799991607666,394100
2016-12-29,24.799999237060547,25.010000228881836,24.559999465942383,24.559999465942383,454400
2016-12-30,24.239999771118164,24.799999237060547,24.209999084472656,24.799999237060547,341200
2017-01-03,24.579999923706055,24.829999923706055,24.190000534057617,24.399999618530273,437400
2017-01-04,24.850000381469727,24.860000610351562,24.479999542236328,24.59000015258789,627300
2017-01-05,24.68000030517578,25.0,24.5,24.84000015258789,524000
2017-01-06,24.549999237060547,24.809999465942383,24.469999313354492,24.790000915527344,311500
2017-01-09,24.270000457763672,24.639999389648438,24.260000228881836,24.520000457763672,451500
2017-01-10,24.6299991607666,25.0,24.270000457763672,24.3799991607666,801700
2017-01-11,24.6299991607666,24.75,24.290000915527344,24.700000762939453,386800
2017-01-12,24.280000686645508,24.690000534057617,23.479999542236328,24.5,1263400
2017-01-13,25.229999542236328,25.469999313354492,24.290000915527344,24.290000915527344,996700
2017-01-17,24.81999969482422,25.170000076293945,24.450000762939453,25.170000076293945,1246000
2017-01-18,25.100000381469727,25.3700008392334,24.690000534057617,24.860000610351562,554000
2017-01-19,25.09000015258789,25.360000610351562,24.829999923706055,25.020000457763672,833200
2017-01-20,24.850000381469727,25.239999771118164,24.75,25.239999771118164,483600
2017-01-23,24.809999465942383,24.979999542236328,24.670000076293945,24.799999237060547,348300
2017-01-24,25.18000030517578,25.450000762939453,24.81999969482422,24.84000015258789,467900
2017-01-25,25.110000610351562,25.5,24.889999389648438,25.389999389648438,400400
2017-01-26,24.8799991607666,25.260000228881836,24.729999542236328,25.110000610351562,260500
2017-01-27,24.829999923706055,24.959999084472656,24.649999618530273,24.8799991607666,388000
2017-01-30,24.889999389648438,24.989999771118164,24.329999923706055,24.6200008392334,566400
2017-01-31,24.979999542236328,25.030000686645508,24.5,24.829999923706055,586500
2017-02-01,25.1299991607666,25.299999237060547,24.90999984741211,25.1299991607666,501000
2017-02-02,25.719999313354492,25.989999771118164,25.1299991607666,25.18000030517578,756100
2017-02-03,26.270000457763672,26.350000381469727,25.520000457763672,25.739999771118164,876800
2017-02-06,26.920000076293945,26.989999771118164,26.18000030517578,26.329999923706055,1059000
2017-02-07,26.809999465942383,27.40999984741211,26.68000030517578,27.020000457763672,966900
2017-02-08,26.540000915527344,26.850000381469727,26.219999313354492,26.790000915527344,880800
2017-02-09,26.889999389648438,27.170000076293945,26.399999618530273,26.5,623700
2017-02-10,27.34000015258789,27.399999618530273,26.8700008392334,27.0,1043400
2017-02-13,27.18000030517578,27.559999465942383,27.149999618530273,27.399999618530273,493700
2017-02-14,27.010000228881836,27.190000534057617,26.889999389648438,27.15999984741211,331600
2017-02-15,26.530000686645508,26.850000381469727,26.350000381469727,26.700000762939453,722600
2017-02-16,26.670000076293945,26.68000030517578,26.270000457763672,26.489999771118164,438000
2017-02-17,26.5,26.690000534057617,26.290000915527344,26.5,722700
2017-02-21,26.56999969482422,26.700000762939453,26.360000610351562,26.420000076293945,431200
2017-02-22,26.239999771118164,26.59000015258789,26.020000457763672,26.420000076293945,624200
2017-02-23,25.469999313354492,26.43000030517578,25.40999984741211,26.309999465942383,631400
2017-02-24,25.6299991607666,25.780000686645508,25.260000228881836,25.469999313354492,881500
2017-02-27,26.079999923706055,26.229999542236328,25.6299991607666,25.670000076293945,1097600
2017-02-28,25.670000076293945,26.239999771118164,25.440000534057617,26.1299991607666,1409900
2017-03-01,24.34000015258789,25.1299991607666,22.90999984741211,24.770000457763672,5409900
2017-03-02,22.969999313354492,24.229999542236328,22.520000457763672,24.229999542236328,4346600
2017-03-03,22.809999465942383,23.270000457763672,22.100000381469727,23.010000228881836,1919300
2017-03-06,22.530000686645508,23.110000610351562,22.399999618530273,22.799999237060547,1554300
2017-03-07,22.489999771118164,22.700000762939453,22.399999618530273,22.420000076293945,1289100
2017-03-08,22.3700008392334,22.639999389648438,22.299999237060547,22.610000610351562,867200
2017-03-09,22.489999771118164,22.6200008392334,22.219999313354492,22.360000610351562,1064200
2017-03-10,22.6299991607666,22.860000610351562,22.5,22.6200008392334,803100
2017-03-13,22.809999465942383,22.84000015258789,22.5,22.56999969482422,824300
2017-03-14,22.889999389648438,22.959999084472656,22.579999923706055,22.700000762939453,624500
2017-03-15,23.010000228881836,23.100000381469727,22.6299991607666,22.989999771118164,818700
2017-03-16,22.760000228881836,23.190000534057617,22.719999313354492,23.030000686645508,697100
2017-03-17,23.389999389648438,23.479999542236328,22.719999313354492,22.770000457763672,1524800
2017-03-20,22.940000534057617,23.6299991607666,22.8799991607666,23.459999084472656,971800
2017-03-21,22.459999084472656,23.329999923706055,22.43000030517578,23.010000228881836,775600
2017-03-22,22.450000762939453,22.93000030517578,22.219999313354492,22.469999313354492,639000
2017-03-23,22.6299991607666,22.770000457763672,22.31999969482422,22.5,697900
2017-03-24,22.5,22.889999389648438,22.360000610351562,22.670000076293945,501300
2017-03-27,22.469999313354492,22.579999923706055,22.049999237060547,22.219999313354492,478600
2017-03-28,22.790000915527344,22.81999969482422,22.25,22.43000030517578,611700
2017-03-29,22.639999389648438,22.81999969482422,22.559999465942383,22.760000228881836,498800
2017-03-30,23.219999313354492,23.34000015258789,22.6299991607666,22.6299991607666,1005600
2017-03-31,22.790000915527344,23.219999313354492,22.770000457763672,23.18000030517578,845900
2017-04-03,22.5,22.829999923706055,22.479999542236328,22.780000686645508,605200
2017-04-04,22.0,22.639999389648438,21.969999313354492,22.469999313354492,1099900
2017-04-05,21.899999618530273,23.389999389648438,21.18000030517578,23.350000381469727,10303300
2017-04-06,23.079999923706055,23.100000381469727,21.899999618530273,22.299999237060547,2162100
2017-04-07,23.270000457763672,23.610000610351562,22.670000076293945,23.25,1900500
2017-04-10,23.270000457763672,24.579999923706055,23.270000457763672,23.299999237060547,2089600
2017-04-11,23.18000030517578,23.420000076293945,22.950000762939453,23.270000457763672,975300
2017-04-12,22.420000076293945,23.350000381469727,22.34000015258789,23.270000457763672,973700
2017-04-13,22.040000915527344,22.5,22.020000457763672,22.219999313354492,867100
2017-04-17,22.079999923706055,22.170000076293945,21.950000762939453,22.040000915527344,699900
2017-04-18,22.5,22.510000228881836,22.020000457763672,22.059999465942383,833100
2017-04-19,22.729999542236328,22.90999984741211,22.549999237060547,22.549999237060547,413600
2017-04-20,23.299999237060547,23.360000610351562,22.790000915527344,22.940000534057617,802000
2017-04-21,23.690000534057617,23.780000686645508,23.290000915527344,23.34000015258789,988800
2017-04-24,24.020000457763672,24.049999237060547,23.719999313354492,24.0,943200
2017-04-25,24.170000076293945,24.299999237060547,24.079999923706055,24.209999084472656,619200
2017-04-26,24.260000228881836,24.479999542236328,24.0,24.1200008392334,610200
2017-04-27,24.700000762939453,24.729999542236328,24.360000610351562,24.360000610351562,677800
2017-04-28,24.579999923706055,24.75,24.440000534057617,24.75,590700
2017-05-01,24.75,24.81999969482422,24.540000915527344,24.719999313354492,495100
2017-05-02,24.780000686645508,24.81999969482422,24.610000610351562,24.65999984741211,455100
2017-05-03,24.739999771118164,24.770000457763672,24.5,24.579999923706055,348600
2017-05-04,24.84000015258789,24.899999618530273,24.68000030517578,24.770000457763672,551500
2017-05-05,24.950000762939453,24.950000762939453,24.68000030517578,24.8799991607666,398800
2017-05-08,25.040000915527344,25.06999969482422,24.59000015258789,24.84000015258789,668200
2017-05-09,25.18000030517578,25.510000228881836,24.899999618530273,24.899999618530273,1249700
2017-05-10,26.25,28.170000076293945,25.65999984741211,26.969999313354492,3423000
2017-05-11,26.0,26.290000915527344,25.75,26.059999465942383,922300
2017-05-12,25.989999771118164,26.299999237060547,25.959999084472656,26.0,885200
2017-05-15,25.15999984741211,26.040000915527344,25.149999618530273,25.989999771118164,940800
2017-05-16,25.559999465942383,25.610000610351562,24.829999923706055,25.100000381469727,909700
2017-05-17,24.59000015258789,25.360000610351562,24.559999465942383,25.360000610351562,1041800
2017-05-18,24.1299991607666,24.649999618530273,24.079999923706055,24.5,764200
2017-05-19,24.600000381469727,24.84000015258789,24.1299991607666,24.1299991607666,543100
2017-05-22,24.729999542236328,24.81999969482422,24.530000686645508,24.719999313354492,350900
2017-05-23,24.8799991607666,24.940000534057617,24.459999084472656,24.75,493400
2017-05-24,24.780000686645508,25.010000228881836,24.690000534057617,24.8799991607666,461700
2017-05-25,24.989999771118164,25.149999618530273,24.770000457763672,24.959999084472656,554200
2017-05-26,24.899999618530273,25.030000686645508,24.6200008392334,25.0,461300
2017-05-30,24.59000015258789,24.8700008392334,24.450000762939453,24.75,529200
2017-05-31,24.010000228881836,24.739999771118164,23.979999542236328,24.670000076293945,781700
2017-06-01,24.459999084472656,24.5,24.0,24.100000381469727,728100
2017-06-02,24.520000457763672,24.829999923706055,24.399999618530273,24.420000076293945,600600
2017-06-05,24.399999618530273,24.59000015258789,24.139999389648438,24.440000534057617,753200
2017-06-06,24.65999984741211,24.739999771118164,24.200000762939453,24.239999771118164,476900
2017-06-07,24.260000228881836,24.709999084472656,24.170000076293945,24.600000381469727,518400
2017-06-08,24.440000534057617,24.579999923706055,24.18000030517578,24.25,459500
2017-06-09,24.3700008392334,24.670000076293945,24.18000030517578,24.34000015258789,483100
2017-06-12,24.200000762939453,24.459999084472656,24.110000610351562,24.329999923706055,362200
2017-06-13,24.469999313354492,24.5,24.1200008392334,24.260000228881836,475400
2017-06-14,24.270000457763672,24.5,24.170000076293945,24.3799991607666,409900
2017-06-15,24.760000228881836,25.0,24.040000915527344,24.100000381469727,589800
2017-06-16,25.360000610351562,25.5,24.329999923706055,24.5,1351600
2017-06-19,25.40999984741211,25.690000534057617,25.290000915527344,25.530000686645508,509700
2017-06-20,25.770000457763672,27.0,25.549999237060547,25.600000381469727,1432200
2017-06-21,26.020000457763672,26.3799991607666,25.739999771118164,25.760000228881836,807200
2017-06-22,26.290000915527344,26.399999618530273,25.81999969482422,26.0,515200
2017-06-23,26.31999969482422,26.420000076293945,26.139999389648438,26.31999969482422,396200
2017-06-26,25.959999084472656,26.389999389648438,25.8799991607666,26.270000457763672,394300
2017-06-27,25.440000534057617,25.989999771118164,25.350000381469727,25.93000030517578,513800
2017-06-28,25.860000610351562,26.020000457763672,25.520000457763672,25.610000610351562,354100
2017-06-29,25.170000076293945,25.969999313354492,24.760000228881836,25.8700008392334,494400
2017-06-30,25.139999389648438,25.459999084472656,24.969999313354492,25.200000762939453,418100
2017-07-03,25.15999984741211,25.450000762939453,25.020000457763672,25.219999313354492,194200
2017-07-05,25.270000457763672,25.5,25.030000686645508,25.09000015258789,349600
2017-07-06,25.049999237060547,25.389999389648438,24.940000534057617,25.280000686645508,529500
2017-07-07,25.09000015258789,25.25,23.770000457763672,23.950000762939453,745100
2017-07-10,25.020000457763672,25.309999465942383,24.709999084472656,25.040000915527344,345400
2017-07-11,25.31999969482422,25.549999237060547,24.8700008392334,24.93000030517578,407100
2017-07-12,25.469999313354492,25.709999084472656,25.280000686645508,25.420000076293945,399600
2017-07-13,25.229999542236328,25.5,25.06999969482422,25.43000030517578,418800
2017-07-14,25.290000915527344,25.399999618530273,24.850000381469727,25.1299991607666,522300
2017-07-17,25.81999969482422,25.850000381469727,25.190000534057617,25.239999771118164,441000
2017-07-18,25.229999542236328,25.719999313354492,25.200000762939453,25.719999313354492,434800
2017-07-19,25.389999389648438,25.559999465942383,25.149999618530273,25.200000762939453,357400
2017-07-20,25.3799991607666,25.450000762939453,25.059999465942383,25.450000762939453,280000
2017-07-21,25.260000228881836,25.579999923706055,25.190000534057617,25.579999923706055,369300
2017-07-24,25.3700008392334,25.530000686645508,25.110000610351562,25.229999542236328,275500
2017-07-25,25.40999984741211,25.520000457763672,25.18000030517578,25.420000076293945,386500
2017-07-26,25.219999313354492,25.479999542236328,24.959999084472656,25.469999313354492,526200
2017-07-27,24.989999771118164,25.3700008392334,24.799999237060547,25.229999542236328,305000
2017-07-28,24.719999313354492,25.0,24.670000076293945,24.850000381469727,402600
2017-07-31,24.59000015258789,24.739999771118164,24.18000030517578,24.65999984741211,598300
2017-08-01,24.8700008392334,24.8799991607666,24.270000457763672,24.600000381469727,497200
2017-08-02,24.860000610351562,25.040000915527344,24.649999618530273,24.799999237060547,349600
2017-08-03,25.0,25.059999465942383,24.75,24.75,384200
2017-08-04,25.389999389648438,25.459999084472656,24.700000762939453,25.0,441300
2017-08-07,25.719999313354492,25.8799991607666,25.149999618530273,25.260000228881836,621200
2017-08-08,25.309999465942383,26.309999465942383,25.290000915527344,25.770000457763672,987600
2017-08-09,23.020000457763672,25.260000228881836,21.799999237060547,24.299999237060547,2677700
2017-08-10,22.459999084472656,23.049999237060547,22.239999771118164,23.0,1510500
2017-08-11,22.360000610351562,22.729999542236328,21.90999984741211,22.649999618530273,1181500
2017-08-14,22.18000030517578,22.649999618530273,22.040000915527344,22.559999465942383,567000
2017-08-15,21.6299991607666,22.3700008392334,21.520000457763672,22.100000381469727,755600
2017-08-16,21.65999984741211,21.799999237060547,21.34000015258789,21.649999618530273,679100
2017-08-17,21.479999542236328,21.860000610351562,21.450000762939453,21.549999237060547,445300
2017-08-18,22.06999969482422,22.149999618530273,21.25,21.360000610351562,1042000
2017-08-21,22.079999923706055,22.139999389648438,21.850000381469727,22.030000686645508,728500
2017-08-22,21.770000457763672,22.1299991607666,21.399999618530273,21.5,816700
2017-08-23,21.639999389648438,21.989999771118164,21.450000762939453,21.579999923706055,662400
2017-08-24,21.850000381469727,22.09000015258789,21.75,21.809999465942383,495800
2017-08-25,21.579999923706055,21.829999923706055,21.56999969482422,21.6200008392334,666300
2017-08-28,21.8799991607666,21.950000762939453,21.610000610351562,21.6299991607666,617100
2017-08-29,21.6200008392334,21.90999984741211,21.610000610351562,21.770000457763672,384000
2017-08-30,21.59000015258789,21.690000534057617,21.440000534057617,21.600000381469727,378600
2017-08-31,21.709999084472656,21.8700008392334,21.6299991607666,21.690000534057617,445100
2017-09-01,21.729999542236328,21.979999542236328,21.639999389648438,21.729999542236328,358200
2017-09-05,21.979999542236328,21.979999542236328,21.530000686645508,21.65999984741211,387100
2017-09-06,21.729999542236328,22.0,21.700000762939453,22.0,533100
2017-09-07,21.5,21.989999771118164,21.479999542236328,21.739999771118164,531200
2017-09-08,21.639999389648438,21.959999084472656,21.459999084472656,21.510000228881836,517200
2017-09-11,21.860000610351562,22.25,21.719999313354492,21.790000915527344,428400
2017-09-12,22.350000381469727,22.350000381469727,21.860000610351562,21.8700008392334,692100
2017-09-13,22.399999618530273,22.559999465942383,22.209999084472656,22.34000015258789,447500
2017-09-14,22.540000915527344,22.760000228881836,22.399999618530273,22.520000457763672,520300
2017-09-15,22.299999237060547,22.729999542236328,21.950000762939453,22.59000015258789,1267900
2017-09-18,22.399999618530273,22.68000030517578,22.299999237060547,22.34000015258789,490500
2017-09-19,22.06999969482422,22.510000228881836,22.020000457763672,22.450000762939453,418000
2017-09-20,22.90999984741211,23.219999313354492,22.09000015258789,22.209999084472656,748700
2017-09-21,22.799999237060547,23.1200008392334,22.700000762939453,22.90999984741211,467500
2017-09-22,22.649999618530273,23.139999389648438,22.639999389648438,22.770000457763672,284200
2017-09-25,22.59000015258789,22.729999542236328,22.18000030517578,22.65999984741211,510800
2017-09-26,22.65999984741211,22.950000762939453,22.540000915527344,22.59000015258789,373200
2017-09-27,23.049999237060547,23.06999969482422,22.670000076293945,22.719999313354492,553000
2017-09-28,23.09000015258789,23.489999771118164,22.889999389648438,23.100000381469727,531700
2017-09-29,22.670000076293945,23.200000762939453,22.649999618530273,23.079999923706055,543600
2017-10-02,22.90999984741211,23.040000915527344,22.65999984741211,22.770000457763672,478700
2017-10-03,23.200000762939453,23.309999465942383,23.040000915527344,23.040000915527344,491100
2017-10-04,23.770000457763672,23.770000457763672,23.200000762939453,23.260000228881836,595700
2017-10-05,23.639999389648438,23.860000610351562,23.549999237060547,23.719999313354492,225800
2017-10-06,23.719999313354492,23.780000686645508,23.5,23.639999389648438,317700
2017-10-09,23.559999465942383,23.81999969482422,23.530000686645508,23.719999313354492,287700
2017-10-10,23.81999969482422,23.84000015258789,23.389999389648438,23.56999969482422,507600
2017-10-11,23.899999618530273,24.0,23.770000457763672,23.770000457763672,456200
2017-10-12,24.450000762939453,24.549999237060547,23.959999084472656,24.030000686645508,677900
2017-10-13,24.600000381469727,24.729999542236328,24.420000076293945,24.6200008392334,574600
2017-10-16,24.309999465942383,24.700000762939453,24.229999542236328,24.649999618530273,435400
2017-10-17,24.440000534057617,24.469999313354492,24.110000610351562,24.190000534057617,415600
2017-10-18,24.989999771118164,25.020000457763672,23.600000381469727,23.940000534057617,1491600
2017-10-19,24.6200008392334,24.920000076293945,24.420000076293945,24.780000686645508,594800
2017-10-20,23.010000228881836,24.030000686645508,22.860000610351562,23.5,4110100
2017-10-23,22.59000015258789,22.969999313354492,22.329999923706055,22.799999237060547,829400
2017-10-24,22.31999969482422,22.540000915527344,22.1200008392334,22.479999542236328,1060700
2017-10-25,22.170000076293945,22.459999084472656,22.09000015258789,22.139999389648438,768600
2017-10-26,22.43000030517578,22.469999313354492,22.079999923706055,22.100000381469727,528000
2017-10-27,22.920000076293945,22.93000030517578,22.25,22.489999771118164,607400
2017-10-30,22.8700008392334,22.90999984741211,22.65999984741211,22.760000228881836,622100
2017-10-31,22.969999313354492,23.149999618530273,22.889999389648438,22.959999084472656,512000
2017-11-01,23.030000686645508,23.049999237060547,22.809999465942383,23.0,429200
2017-11-02,23.479999542236328,23.5,22.899999618530273,23.0,460400
2017-11-03,23.40999984741211,23.450000762939453,23.18000030517578,23.450000762939453,421200
2017-11-06,23.219999313354492,23.489999771118164,23.15999984741211,23.399999618530273,672100
2017-11-07,22.850000381469727,23.350000381469727,22.84000015258789,23.200000762939453,892200
2017-11-08,21.43000030517578,22.729999542236328,20.56999969482422,22.6200008392334,2981700
2017-11-09,21.530000686645508,22.3799991607666,20.920000076293945,21.309999465942383,1148700
2017-11-10,21.15999984741211,21.459999084472656,21.149999618530273,21.43000030517578,623000
2017-11-13,21.1200008392334,21.469999313354492,21.020000457763672,21.020000457763672,658200
2017-11-14,21.399999618530273,21.440000534057617,20.809999465942383,21.010000228881836,908100
2017-11-15,21.889999389648438,21.950000762939453,21.1299991607666,21.170000076293945,802000
2017-11-16,22.389999389648438,22.459999084472656,21.799999237060547,21.8799991607666,934200
2017-11-17,23.1299991607666,23.450000762939453,22.489999771118164,22.5,1136100
2017-11-20,23.610000610351562,23.850000381469727,23.190000534057617,23.190000534057617,1105500
2017-11-21,23.850000381469727,23.8799991607666,23.270000457763672,23.739999771118164,1148000
2017-11-22,23.770000457763672,24.0,23.549999237060547,23.860000610351562,664900
2017-11-24,24.059999465942383,24.06999969482422,23.719999313354492,23.8700008392334,249200
2017-11-27,24.43000030517578,24.450000762939453,23.920000076293945,24.100000381469727,469000
2017-11-28,24.8700008392334,25.010000228881836,24.270000457763672,24.459999084472656,520700
2017-11-29,24.969999313354492,25.09000015258789,24.540000915527344,24.790000915527344,519800
2017-11-30,24.8799991607666,25.219999313354492,24.729999542236328,24.989999771118164,511700
2017-12-01,24.479999542236328,24.90999984741211,23.81999969482422,24.899999618530273,735000
2017-12-04,24.100000381469727,24.8799991607666,24.059999465942383,24.639999389648438,782800
2017-12-05,24.09000015258789,24.389999389648438,23.950000762939453,24.100000381469727,632700
2017-12-06,24.0,24.280000686645508,23.850000381469727,24.09000015258789,528400
2017-12-07,24.329999923706055,24.690000534057617,23.90999984741211,24.040000915527344,538400
2017-12-08,24.510000228881836,24.780000686645508,24.31999969482422,24.360000610351562,498700
2017-12-11,24.59000015258789,24.790000915527344,24.15999984741211,24.530000686645508,518500
2017-12-12,25.15999984741211,25.200000762939453,24.530000686645508,24.690000534057617,494400
2017-12-13,25.600000381469727,26.010000228881836,25.15999984741211,25.209999084472656,906600
2017-12-14,25.43000030517578,25.920000076293945,25.34000015258789,25.59000015258789,444200
2017-12-15,26.350000381469727,26.399999618530273,25.530000686645508,25.850000381469727,1353100
2017-12-18,27.0,27.059999465942383,26.3700008392334,26.399999618530273,664900
2017-12-19,26.5,27.09000015258789,26.329999923706055,27.09000015258789,546100
2017-12-20,25.799999237060547,26.670000076293945,25.75,26.670000076293945,461400
2017-12-21,26.3799991607666,26.600000381469727,25.540000915527344,25.959999084472656,676700
2017-12-22,26.440000534057617,26.520000457763672,26.049999237060547,26.40999984741211,271500
2017-12-26,26.469999313354492,26.700000762939453,26.15999984741211,26.15999984741211,212700
2017-12-27,26.68000030517578,26.739999771118164,26.420000076293945,26.549999237060547,196700
2017-12-28,26.93000030517578,26.959999084472656,26.600000381469727,26.700000762939453,271500
2017-12-29,26.5,26.920000076293945,26.469999313354492,26.899999618530273,380300
2018-01-02,26.549999237060547,26.579999923706055,26.219999313354492,26.520000457763672,487800
2018-01-03,26.75,26.790000915527344,26.079999923706055,26.450000762939453,603300
2018-01-04,26.829999923706055,26.889999389648438,26.5,26.799999237060547,358200
2018-01-05,26.850000381469727,27.100000381469727,26.6200008392334,26.850000381469727,369200
2018-01-08,26.770000457763672,26.829999923706055,26.270000457763672,26.81999969482422,526000
2018-01-09,26.81999969482422,27.079999923706055,26.649999618530273,26.770000457763672,347500
2018-01-10,26.559999465942383,26.8799991607666,26.399999618530273,26.780000686645508,411900
2018-01-11,26.899999618530273,27.0,26.520000457763672,26.579999923706055,602700
2018-01-12,27.559999465942383,27.75,26.8700008392334,26.989999771118164,572800
2018-01-16,27.290000915527344,27.959999084472656,27.280000686645508,27.59000015258789,446600
2018-01-17,27.709999084472656,27.790000915527344,27.360000610351562,27.389999389648438,460500
2018-01-18,27.440000534057617,27.729999542236328,27.270000457763672,27.6299991607666,479300
2018-01-19,27.479999542236328,27.56999969482422,27.15999984741211,27.40999984741211,331300
2018-01-22,27.469999313354492,27.479999542236328,27.06999969482422,27.479999542236328,505900
2018-01-23,27.450000762939453,27.489999771118164,27.170000076293945,27.440000534057617,169300
2018-01-24,27.209999084472656,27.649999618530273,26.899999618530273,27.43000030517578,415900
2018-01-25,27.520000457763672,27.520000457763672,27.010000228881836,27.309999465942383,336200
2018-01-26,27.479999542236328,27.739999771118164,27.15999984741211,27.59000015258789,366200
2018-01-29,27.40999984741211,27.6299991607666,27.209999084472656,27.399999618530273,567000
2018-01-30,27.360000610351562,27.860000610351562,26.729999542236328,27.1299991607666,1130500
2018-01-31,26.459999084472656,27.59000015258789,26.34000015258789,27.479999542236328,585600
2018-02-01,25.84000015258789,26.3700008392334,25.75,26.329999923706055,751300
2018-02-02,25.81999969482422,26.170000076293945,25.459999084472656,25.65999984741211,527300
2018-02-05,25.030000686645508,25.989999771118164,24.84000015258789,25.739999771118164,669700
2018-02-06,25.149999618530273,25.34000015258789,24.5,24.850000381469727,899300
2018-02-07,25.950000762939453,26.06999969482422,25.200000762939453,25.200000762939453,499600
2018-02-08,25.31999969482422,25.969999313354492,25.31999969482422,25.889999389648438,685500
2018-02-09,25.280000686645508,25.8799991607666,24.850000381469727,25.540000915527344,796500
2018-02-12,25.610000610351562,25.889999389648438,25.219999313354492,25.399999618530273,920800
2018-02-13,26.84000015258789,27.040000915527344,25.520000457763672,25.579999923706055,869600
2018-02-14,27.920000076293945,27.969999313354492,26.639999389648438,26.639999389648438,605900
2018-02-15,28.399999618530273,28.489999771118164,27.8799991607666,28.0,687600
2018-02-16,28.739999771118164,29.0,28.399999618530273,28.399999618530273,744000
2018-02-20,28.06999969482422,28.940000534057617,28.059999465942383,28.65999984741211,622700
2018-02-21,28.100000381469727,28.709999084472656,28.059999465942383,28.15999984741211,458700
2018-02-22,28.190000534057617,28.469999313354492,28.100000381469727,28.149999618530273,379600
2018-02-23,28.579999923706055,28.600000381469727,28.06999969482422,28.3799991607666,316600
2018-02-26,28.15999984741211,28.780000686645508,28.110000610351562,28.65999984741211,618700
2018-02-27,27.25,28.110000610351562,27.190000534057617,28.100000381469727,855900
2018-02-28,34.83000183105469,36.29999923706055,31.059999465942383,32.0099983215332,7916500
2018-03-01,37.689998626708984,39.7400016784668,34.849998474121094,34.900001525878906,6184400
2018-03-02,38.75,38.869998931884766,35.95000076293945,36.369998931884766,3286600
2018-03-05,38.279998779296875,39.75,36.90999984741211,38.7400016784668,2106000
2018-03-06,39.09000015258789,39.70000076293945,37.41999816894531,37.5,1541800
2018-03-07,39.77000045776367,40.2400016784668,38.70000076293945,38.970001220703125,1274300
2018-03-08,39.790000915527344,40.099998474121094,39.38999938964844,39.720001220703125,748300
2018-03-09,39.86000061035156,40.15999984741211,39.11000061035156,40.0099983215332,1196000
2018-03-12,39.41999816894531,40.4900016784668,39.150001525878906,40.34000015258789,1089400
2018-03-13,39.349998474121094,39.880001068115234,38.95000076293945,39.560001373291016,685000
2018-03-14,39.0099983215332,39.59000015258789,38.95000076293945,39.4900016784668,701300
2018-03-15,38.619998931884766,39.02000045776367,38.33000183105469,38.91999816894531,867700
2018-03-16,37.970001220703125,38.38999938964844,37.540000915527344,37.95000076293945,2018200
2018-03-19,37.400001525878906,37.95000076293945,37.11000061035156,37.810001373291016,832800
2018-03-20,38.36000061035156,38.65999984741211,37.459999084472656,37.5,832900
2018-03-21,38.79999923706055,38.97999954223633,38.130001068115234,38.45000076293945,716900
2018-03-22,38.54999923706055,39.29999923706055,38.310001373291016,38.560001373291016,890900
2018-03-23,37.900001525878906,39.15999984741211,37.88999938964844,38.56999969482422,769000
2018-03-26,38.720001220703125,38.77000045776367,37.52000045776367,38.2599983215332,431400
2018-03-27,38.630001068115234,39.310001373291016,38.31999969482422,38.66999816894531,542200
2018-03-28,37.91999816894531,38.79999923706055,37.619998931884766,38.779998779296875,553600
2018-03-29,39.310001373291016,39.88999938964844,38.150001525878906,38.189998626708984,742900
2018-04-02,39.47999954223633,39.61000061035156,38.83000183105469,39.349998474121094,467400
2018-04-03,42.400001525878906,42.45000076293945,39.5,39.779998779296875,1769000
2018-04-04,41.97999954223633,42.650001525878906,40.560001373291016,41.90999984741211,1465900
2018-04-05,42.86000061035156,43.15999984741211,42.099998474121094,42.380001068115234,814400
2018-04-06,41.84000015258789,42.95000076293945,41.54999923706055,42.470001220703125,967200
2018-04-09,41.310001373291016,42.34000015258789,40.84000015258789,42.2400016784668,1236800
2018-04-10,42.09000015258789,42.29999923706055,41.380001068115234,41.619998931884766,731900
2018-04-11,42.779998779296875,43.189998626708984,42.0,42.0099983215332,629100
2018-04-12,43.099998474121094,44.060001373291016,43.0,43.099998474121094,1530500
2018-04-13,42.790000915527344,43.77000045776367,42.650001525878906,43.77000045776367,796400
2018-04-16,42.970001220703125,43.709999084472656,42.79999923706055,43.33000183105469,553200
2018-04-17,43.0099983215332,43.84000015258789,42.970001220703125,43.060001373291016,962300
2018-04-18,42.7400016784668,43.66999816894531,42.720001220703125,43.2599983215332,722000
2018-04-19,42.9900016784668,43.43000030517578,42.150001525878906,42.70000076293945,903600
2018-04-20,42.70000076293945,43.27000045776367,42.630001068115234,42.91999816894531,544000
2018-04-23,42.7400016784668,43.43000030517578,42.45000076293945,43.060001373291016,944200
2018-04-24,42.79999923706055,43.72999954223633,41.70000076293945,43.029998779296875,658400
2018-04-25,43.0,43.06999969482422,42.11000061035156,42.63999938964844,590900
2018-04-26,42.7400016784668,44.75,42.599998474121094,44.29999923706055,921900
2018-04-27,41.61000061035156,43.2400016784668,41.369998931884766,42.900001525878906,802300
2018-04-30,41.97999954223633,42.439998626708984,41.599998474121094,41.790000915527344,428300
2018-05-01,41.5099983215332,42.13999938964844,41.15999984741211,41.95000076293945,571300
2018-05-02,41.9900016784668,42.79999923706055,41.77000045776367,41.77000045776367,1237000
2018-05-03,41.439998626708984,41.9900016784668,41.099998474121094,41.9900016784668,1270300
2018-05-04,44.54999923706055,45.5,42.2400016784668,42.2400016784668,2641500
2018-05-07,44.93000030517578,45.47999954223633,43.68000030517578,45.189998626708984,1256600
2018-05-08,44.650001525878906,45.25,44.25,44.72999954223633,1489600
2018-05-09,54.619998931884766,56.220001220703125,49.959999084472656,50.400001525878906,4793600
2018-05-10,55.439998626708984,56.72999954223633,53.54999923706055,54.439998626708984,1785500
2018-05-11,57.2599983215332,57.439998626708984,55.15999984741211,55.439998626708984,1110600
2018-05-14,56.9900016784668,58.18000030517578,56.5099983215332,57.43000030517578,1089600
2018-05-15,54.540000915527344,54.66999816894531,52.220001220703125,53.869998931884766,2099400
2018-05-16,54.33000183105469,56.810001373291016,53.66999816894531,54.540000915527344,1972100
2018-05-17,57.119998931884766,57.88999938964844,54.279998779296875,55.27000045776367,5517700
2018-05-18,57.95000076293945,58.470001220703125,57.0099983215332,57.52000045776367,1508700
2018-05-21,59.650001525878906,59.72999954223633,57.720001220703125,58.279998779296875,1285400
2018-05-22,61.720001220703125,62.20000076293945,59.099998474121094,60.08000183105469,1899700
2018-05-23,59.79999923706055,61.959999084472656,59.15999984741211,61.2599983215332,1749000
2018-05-24,62.08000183105469,62.5,59.400001525878906,60.0,1039900
2018-05-25,63.0099983215332,63.5,61.5,61.9900016784668,1378400
2018-05-29,63.970001220703125,64.94000244140625,63.150001525878906,63.709999084472656,1166200
2018-05-30,63.7400016784668,64.77999877929688,62.65999984741211,64.3499984741211,991800
2018-05-31,63.68000030517578,64.73999786376953,63.16999816894531,63.70000076293945,998700
2018-06-01,65.30000305175781,65.4000015258789,63.439998626708984,63.970001220703125,1109800
2018-06-04,66.06999969482422,66.12999725341797,64.66999816894531,65.2699966430664,1013200
2018-06-05,67.05999755859375,67.44999694824219,65.33000183105469,66.06999969482422,1427700
2018-06-06,67.9000015258789,69.08999633789062,66.93000030517578,67.63999938964844,1128400
2018-06-07,63.529998779296875,65.5,62.25,65.44999694824219,2074200
2018-06-08,65.27999877929688,65.73999786376953,63.099998474121094,63.15999984741211,1192200
2018-06-11,65.19999694824219,66.18000030517578,64.33999633789062,65.43000030517578,750900
2018-06-12,65.27999877929688,66.41999816894531,64.75,65.13999938964844,712800
2018-06-13,64.87999725341797,65.58999633789062,64.3499984741211,65.52999877929688,847700
2018-06-14,63.66999816894531,65.51000213623047,62.88999938964844,65.20999908447266,1104700
2018-06-15,64.4000015258789,64.52999877929688,61.56999969482422,63.2599983215332,1920300
2018-06-18,66.12999725341797,66.22000122070312,63.77000045776367,64.4000015258789,1029100
2018-06-19,65.54000091552734,65.66000366210938,63.09000015258789,65.5,1023200
2018-06-20,68.44999694824219,68.86000061035156,66.19999694824219,66.33000183105469,1112900
2018-06-21,67.05000305175781,71.0,65.7300033569336,68.79000091552734,1165300
2018-06-22,67.6500015258789,68.1500015258789,66.29000091552734,67.12999725341797,989300
2018-06-25,61.970001220703125,67.5999984741211,61.79999923706055,67.20999908447266,1388400
2018-06-26,63.16999816894531,63.9900016784668,62.02000045776367,62.279998779296875,712500
2018-06-27,62.0099983215332,63.970001220703125,62.0,63.16999816894531,683900
2018-06-28,64.04000091552734,64.41999816894531,61.75,61.84000015258789,566600
2018-06-29,63.18000030517578,64.95999908447266,62.220001220703125,64.47000122070312,632100
2018-07-02,64.43000030517578,64.80999755859375,63.0099983215332,64.0,610900
2018-07-03,64.08999633789062,65.30999755859375,63.849998474121094,64.45999908447266,339600
2018-07-05,64.9800033569336,65.0,63.70000076293945,64.69000244140625,631400
2018-07-06,65.95999908447266,66.02999877929688,64.04000091552734,64.81999969482422,516400
2018-07-09,66.94999694824219,67.0,65.52999877929688,66.5,665400
2018-07-10,67.3499984741211,68.05999755859375,66.05000305175781,67.27999877929688,644400
2018-07-11,66.95999908447266,67.98999786376953,66.5199966430664,66.87999725341797,693800
2018-07-12,68.94000244140625,69.22000122070312,66.0,67.47000122070312,720100
2018-07-13,67.79000091552734,70.43000030517578,67.43000030517578,69.08000183105469,628900
2018-07-16,69.0199966430664,69.18000030517578,67.79000091552734,67.79000091552734,542000
2018-07-17,70.63999938964844,70.88999938964844,68.68000030517578,69.12000274658203,575900
2018-07-18,71.55000305175781,72.05999755859375,69.30999755859375,70.9000015258789,654500
2018-07-19,73.06999969482422,73.33999633789062,71.44999694824219,71.45999908447266,845900
2018-07-20,73.83000183105469,74.75,72.51000213623047,73.48999786376953,771100
2018-07-23,74.88999938964844,75.18000030517578,73.1500015258789,73.5999984741211,803200
2018-07-24,72.23999786376953,76.44999694824219,70.77999877929688,75.25,1193600
2018-07-25,72.88999938964844,72.95999908447266,68.37000274658203,71.05999755859375,1152100
2018-07-26,72.5,72.98999786376953,70.94000244140625,72.22000122070312,628200
2018-07-27,68.76000213623047,73.11000061035156,67.51000213623047,72.87000274658203,902000
2018-07-30,66.41999816894531,69.33999633789062,65.48999786376953,69.0,844800
2018-07-31,67.93000030517578,68.31999969482422,66.3499984741211,66.5,793200
2018-08-01,68.41999816894531,69.43000030517578,67.63999938964844,68.3499984741211,731200
2018-08-02,69.77999877929688,70.0,67.93000030517578,68.37999725341797,494700
2018-08-03,69.08999633789062,71.0,67.93000030517578,70.63999938964844,406600
2018-08-06,66.86000061035156,69.11000061035156,65.19000244140625,68.0999984741211,1075400
2018-08-07,67.62000274658203,68.16000366210938,66.13999938964844,67.01000213623047,1030700
2018-08-08,59.779998779296875,63.189998626708984,56.09000015258789,63.189998626708984,4298400
2018-08-09,59.33000183105469,61.86000061035156,59.220001220703125,60.5,1102300
2018-08-10,61.470001220703125,61.939998626708984,58.040000915527344,59.27000045776367,762400
2018-08-13,60.97999954223633,62.59000015258789,60.56999969482422,61.209999084472656,555900
2018-08-14,62.310001373291016,62.59000015258789,60.83000183105469,61.099998474121094,500000
2018-08-15,61.02000045776367,62.54999923706055,59.720001220703125,61.2599983215332,771200
2018-08-16,62.65999984741211,62.77000045776367,61.13999938964844,61.4900016784668,570800
2018-08-17,64.1500015258789,64.18000030517578,62.099998474121094,62.689998626708984,583400
2018-08-20,64.16000366210938,64.68000030517578,63.08000183105469,64.44999694824219,468400
2018-08-21,63.810001373291016,64.7699966430664,63.720001220703125,64.1500015258789,487300
2018-08-22,64.3499984741211,64.97000122070312,63.099998474121094,63.5,433300
2018-08-23,64.01000213623047,65.38999938964844,63.709999084472656,64.4000015258789,458000
2018-08-24,65.55000305175781,65.80000305175781,64.0,64.0,446300
2018-08-27,66.66000366210938,67.30000305175781,65.80000305175781,65.88999938964844,374300
2018-08-28,67.30000305175781,67.91999816894531,66.44999694824219,66.97000122070312,481600
2018-08-29,67.08000183105469,67.5999984741211,66.66000366210938,67.5,374300
2018-08-30,66.45999908447266,67.41000366210938,66.16999816894531,67.0,430100
2018-08-31,68.26000213623047,68.48999786376953,66.23999786376953,66.23999786376953,397700
2018-09-04,69.87999725341797,70.23999786376953,67.1500015258789,68.0,575000
2018-09-05,68.7699966430664,69.87999725341797,66.83999633789062,69.69999694824219,573400
2018-09-06,70.29000091552734,70.5,68.7699966430664,68.88999938964844,559300
2018-09-07,70.45999908447266,71.95999908447266,69.27999877929688,69.91999816894531,528100
2018-09-10,71.87999725341797,72.05000305175781,70.54000091552734,70.95999908447266,546900
2018-09-11,72.94000244140625,73.63999938964844,71.5999984741211,71.94000244140625,615400
2018-09-12,70.36000061035156,73.30000305175781,70.3499984741211,72.80000305175781,667600
2018-09-13,71.43000030517578,72.12999725341797,70.4800033569336,70.58000183105469,374400
2018-09-14,73.41000366210938,73.61000061035156,71.63999938964844,72.23999786376953,550300
2018-09-17,68.66999816894531,74.13999938964844,68.37000274658203,73.43000030517578,889800
2018-09-18,69.08000183105469,70.75,68.94999694824219,69.05000305175781,569600
2018-09-19,67.37000274658203,69.30000305175781,66.22000122070312,68.88999938964844,722800
2018-09-20,65.45999908447266,68.04000091552734,64.95999908447266,67.77999877929688,610500
2018-09-21,64.79000091552734,66.58000183105469,64.37000274658203,65.6500015258789,1313500
2018-09-24,63.619998931884766,64.87000274658203,63.20000076293945,64.3499984741211,621200
2018-09-25,66.97000122070312,67.33999633789062,63.83000183105469,63.90999984741211,665900
2018-09-26,66.38999938964844,67.70999908447266,66.08999633789062,67.1500015258789,434400
2018-09-27,67.61000061035156,67.94000244140625,66.4000015258789,66.75,352500
2018-09-28,68.43000030517578,69.3499984741211,67.47000122070312,67.47000122070312,372900
2018-10-01,66.83999633789062,69.81999969482422,66.58000183105469,68.61000061035156,376700
2018-10-02,64.2300033569336,66.4800033569336,63.63999938964844,66.27999877929688,461700
2018-10-03,64.76000213623047,65.83000183105469,63.650001525878906,64.58999633789062,336900
2018-10-04,62.810001373291016,64.3499984741211,62.29999923706055,64.08999633789062,452400
2018-10-05,62.66999816894531,64.23999786376953,61.2400016784668,62.90999984741211,466800
2018-10-08,63.40999984741211,64.33000183105469,61.54999923706055,62.459999084472656,664000
2018-10-09,62.84000015258789,64.7699966430664,62.16999816894531,63.40999984741211,499800
2018-10-10,57.65999984741211,62.279998779296875,57.540000915527344,62.279998779296875,1078200
2018-10-11,56.189998626708984,58.79999923706055,56.08000183105469,57.02000045776367,820600
2018-10-12,58.86000061035156,59.119998931884766,57.290000915527344,57.849998474121094,701800
2018-10-15,57.060001373291016,57.5,54.38999938964844,57.150001525878906,789000
2018-10-16,61.2400016784668,61.369998931884766,57.349998474121094,57.599998474121094,411800
2018-10-17,61.650001525878906,62.72999954223633,59.52000045776367,62.72999954223633,522000
2018-10-18,58.2599983215332,61.900001525878906,58.16999816894531,61.11000061035156,514600
2018-10-19,58.52000045776367,59.86000061035156,57.709999084472656,58.4900016784668,453700
2018-10-22,57.97999954223633,59.029998779296875,55.11000061035156,55.900001525878906,735900
2018-10-23,58.040000915527344,58.45000076293945,55.72999954223633,56.34000015258789,622600
2018-10-24,57.650001525878906,59.0,57.369998931884766,58.45000076293945,733000
2018-10-25,58.95000076293945,59.439998626708984,57.83000183105469,58.220001220703125,473900
2018-10-26,56.95000076293945,59.31999969482422,55.09000015258789,57.45000076293945,653900
2018-10-29,55.900001525878906,59.349998474121094,54.810001373291016,58.08000183105469,447200
2018-10-30,57.95000076293945,58.08000183105469,55.11000061035156,55.75,547600
2018-10-31,61.720001220703125,62.13999938964844,58.849998474121094,58.849998474121094,694600
2018-11-01,61.400001525878906,62.09000015258789,59.52000045776367,62.09000015258789,715800
2018-11-02,61.20000076293945,62.86000061035156,60.689998626708984,61.93000030517578,528500
2018-11-05,60.439998626708984,61.939998626708984,59.20000076293945,61.20000076293945,590000
2018-11-06,60.08000183105469,61.709999084472656,59.25,60.2400016784668,834400
2018-11-07,50.70000076293945,56.0,49.63999938964844,54.79999923706055,2267600
2018-11-08,50.65999984741211,52.900001525878906,50.290000915527344,52.81999969482422,1079600
2018-11-09,52.25,53.18000030517578,51.099998474121094,51.75,1057800
2018-11-12,50.0,52.66999816894531,49.220001220703125,52.15999984741211,809200
2018-11-13,50.290000915527344,51.779998779296875,49.33000183105469,50.2599983215332,889100
2018-11-14,49.56999969482422,50.68000030517578,48.91999816894531,50.290000915527344,689700
2018-11-15,49.58000183105469,50.06999969482422,47.79999923706055,49.36000061035156,767600
2018-11-16,49.95000076293945,50.02000045776367,48.040000915527344,49.09000015258789,777800
2018-11-19,46.9900016784668,50.029998779296875,46.77000045776367,50.0,628700
2018-11-20,45.220001220703125,46.279998779296875,43.70000076293945,45.09000015258789,1397200
2018-11-21,46.65999984741211,47.16999816894531,45.560001373291016,45.7599983215332,534300
2018-11-23,46.68000030517578,47.5,46.20000076293945,46.20000076293945,222200
2018-11-26,46.86000061035156,47.689998626708984,46.040000915527344,47.2599983215332,381500
2018-11-27,46.52000045776367,47.400001525878906,46.400001525878906,46.68000030517578,445700
2018-11-28,45.380001068115234,47.15999984741211,45.2599983215332,46.65999984741211,939600
2018-11-29,44.06999969482422,45.93000030517578,43.33000183105469,45.29999923706055,1014900
2018-11-30,43.470001220703125,44.279998779296875,42.83000183105469,43.709999084472656,1232900
2018-12-03,45.18000030517578,45.5,43.79999923706055,43.90999984741211,1568000
2018-12-04,43.63999938964844,46.04999923706055,43.56999969482422,45.150001525878906,948600
2018-12-06,44.5099983215332,44.650001525878906,42.0,42.599998474121094,854000
2018-12-07,43.52000045776367,45.08000183105469,42.900001525878906,44.369998931884766,650300
2018-12-10,44.29999923706055,44.81999969482422,43.310001373291016,43.310001373291016,735600
2018-12-11,44.209999084472656,46.290000915527344,43.66999816894531,45.59000015258789,1018600
2018-12-12,45.59000015258789,46.880001068115234,45.0,45.880001068115234,1034200
2018-12-13,45.119998931884766,46.0,44.849998474121094,46.0,576300
2018-12-14,44.650001525878906,45.86000061035156,44.5,44.599998474121094,763500
2018-12-17,43.79999923706055,45.06999969482422,43.47999954223633,44.5,622000
2018-12-18,44.459999084472656,45.43000030517578,44.130001068115234,44.439998626708984,735100
2018-12-19,44.81999969482422,45.529998779296875,44.349998474121094,44.45000076293945,846500
2018-12-20,41.369998931884766,45.43000030517578,40.0099983215332,44.439998626708984,1195500
2018-12-21,41.790000915527344,43.400001525878906,41.33000183105469,41.5,2091200
2018-12-24,39.7400016784668,40.86000061035156,39.43000030517578,40.45000076293945,645000
2018-12-26,41.7599983215332,41.810001373291016,39.540000915527344,39.810001373291016,625700
2018-12-27,43.0,43.0099983215332,41.0,41.16999816894531,811900
2018-12-28,43.029998779296875,43.7400016784668,42.02000045776367,43.040000915527344,579100
2018-12-31,43.75,44.2599983215332,43.130001068115234,43.58000183105469,675700
2019-01-02,45.11000061035156,45.119998931884766,42.619998931884766,42.9900016784668,1108500
2019-01-03,43.290000915527344,44.70000076293945,42.41999816894531,44.34000015258789,964200
2019-01-04,46.0099983215332,46.209999084472656,43.189998626708984,43.95000076293945,865900
2019-01-07,48.150001525878906,48.709999084472656,46.38999938964844,46.45000076293945,768500
2019-01-08,49.40999984741211,49.90999984741211,48.650001525878906,48.97999954223633,769600
2019-01-09,50.2599983215332,50.61000061035156,49.130001068115234,49.84000015258789,692400
2019-01-10,49.689998626708984,50.220001220703125,48.810001373291016,49.849998474121094,529200
2019-01-11,49.45000076293945,49.88999938964844,48.5,49.560001373291016,497800
2019-01-14,49.779998779296875,50.11000061035156,48.2400016784668,49.0,454100
2019-01-15,49.349998474121094,50.400001525878906,49.02000045776367,50.130001068115234,376400
2019-01-16,49.630001068115234,50.0099983215332,48.68000030517578,49.36000061035156,311700
2019-01-17,50.220001220703125,50.61000061035156,49.38999938964844,49.40999984741211,485200
2019-01-18,50.189998626708984,50.869998931884766,50.02000045776367,50.41999816894531,398600
2019-01-22,48.70000076293945,49.900001525878906,48.04999923706055,49.86000061035156,470800
2019-01-23,48.060001373291016,50.04999923706055,47.459999084472656,49.08000183105469,428700
2019-01-24,48.43000030517578,48.4900016784668,47.130001068115234,48.11000061035156,567100
2019-01-25,49.099998474121094,49.58000183105469,48.310001373291016,48.83000183105469,319600
2019-01-28,49.099998474121094,49.38999938964844,48.349998474121094,48.790000915527344,290300
2019-01-29,49.040000915527344,49.959999084472656,48.91999816894531,49.13999938964844,250300
2019-01-30,49.7400016784668,49.939998626708984,48.040000915527344,49.08000183105469,394200
2019-01-31,51.0099983215332,51.290000915527344,49.630001068115234,49.630001068115234,354700
2019-02-01,50.650001525878906,51.25,50.45000076293945,51.11000061035156,367300
2019-02-04,52.90999984741211,52.959999084472656,50.709999084472656,50.810001373291016,487200
2019-02-05,52.5,53.81999969482422,52.220001220703125,53.0,279400
2019-02-06,52.119998931884766,52.720001220703125,51.41999816894531,52.689998626708984,310900
2019-02-07,51.97999954223633,52.40999984741211,51.13999938964844,51.84000015258789,375300
2019-02-08,51.43000030517578,51.83000183105469,50.810001373291016,51.75,350400
2019-02-11,53.130001068115234,53.2400016784668,51.52000045776367,51.52000045776367,425600
2019-02-12,53.29999923706055,54.040000915527344,52.720001220703125,53.79999923706055,402500
2019-02-13,53.70000076293945,53.959999084472656,53.060001373291016,53.65999984741211,310600
2019-02-14,54.59000015258789,54.77000045776367,53.349998474121094,53.36000061035156,305200
2019-02-15,55.43000030517578,55.59000015258789,54.40999984741211,54.900001525878906,419400
2019-02-19,55.810001373291016,56.08000183105469,55.209999084472656,55.43000030517578,424200
2019-02-20,56.0,56.34000015258789,55.58000183105469,55.880001068115234,384400
2019-02-21,55.4900016784668,56.18000030517578,55.25,55.97999954223633,323600
2019-02-22,55.7400016784668,55.95000076293945,55.0099983215332,55.619998931884766,452000
2019-02-25,58.04999923706055,58.5,56.279998779296875,56.439998626708984,1428800
2019-02-26,60.220001220703125,60.29999923706055,58.52000045776367,58.619998931884766,1686500
2019-02-27,55.4900016784668,55.650001525878906,51.599998474121094,55.459999084472656,2666400
2019-02-28,53.83000183105469,55.75,53.54999923706055,55.130001068115234,787000
2019-03-01,54.45000076293945,54.599998474121094,53.189998626708984,54.290000915527344,992000
2019-03-04,51.20000076293945,54.86000061035156,50.810001373291016,54.540000915527344,875400
2019-03-05,51.400001525878906,51.63999938964844,50.5,51.40999984741211,670800
2019-03-06,49.97999954223633,52.22999954223633,49.810001373291016,51.5099983215332,507700
2019-03-07,48.470001220703125,50.08000183105469,48.20000076293945,49.81999969482422,571900
2019-03-08,46.86000061035156,47.75,46.279998779296875,47.75,1057200
2019-03-11,47.970001220703125,48.150001525878906,46.5,46.86000061035156,656200
2019-03-12,48.33000183105469,48.52000045776367,47.119998931884766,47.959999084472656,490400
2019-03-13,47.630001068115234,48.900001525878906,47.540000915527344,48.5,493100
2019-03-14,47.04999923706055,48.029998779296875,47.0099983215332,47.689998626708984,601800
2019-03-15,47.959999084472656,47.9900016784668,46.849998474121094,47.04999923706055,1486400
2019-03-18,50.02000045776367,50.060001373291016,48.09000015258789,48.119998931884766,882700
2019-03-19,52.040000915527344,53.2400016784668,51.08000183105469,51.29999923706055,1127200
2019-03-20,52.650001525878906,53.060001373291016,50.86000061035156,52.2599983215332,684000
2019-03-21,54.540000915527344,54.54999923706055,52.279998779296875,52.279998779296875,680100
2019-03-22,52.04999923706055,55.08000183105469,52.0,54.11000061035156,785200
2019-03-25,52.88999938964844,53.349998474121094,51.439998626708984,52.0,315900
2019-03-26,53.36000061035156,53.61000061035156,52.5099983215332,53.470001220703125,597800
2019-03-27,52.52000045776367,54.209999084472656,51.75,53.34000015258789,413200
2019-03-28,53.849998474121094,53.97999954223633,52.599998474121094,52.70000076293945,298100
2019-03-29,54.40999984741211,55.06999969482422,53.93000030517578,54.369998931884766,530400
2019-04-01,55.2599983215332,55.75,54.349998474121094,54.9900016784668,359400
2019-04-02,54.380001068115234,55.59000015258789,54.31999969482422,55.439998626708984,422600
2019-04-03,55.380001068115234,55.720001220703125,54.439998626708984,54.68000030517578,281100
2019-04-04,55.119998931884766,56.27000045776367,54.75,55.41999816894531,430300
2019-04-05,57.72999954223633,57.849998474121094,55.869998931884766,56.61000061035156,697200
2019-04-08,60.31999969482422,60.65999984741211,58.31999969482422,59.560001373291016,791400
2019-04-09,58.65999984741211,60.36000061035156,58.45000076293945,59.83000183105469,571100
2019-04-10,60.119998931884766,60.369998931884766,58.27000045776367,58.75,524000
2019-04-11,60.91999816894531,61.040000915527344,60.04999923706055,60.09000015258789,368200
2019-04-12,61.869998931884766,62.0,61.04999923706055,61.7400016784668,465800
2019-04-15,60.75,62.16999816894531,60.5,61.84000015258789,366400
2019-04-16,61.54999923706055,61.61000061035156,60.91999816894531,61.209999084472656,384400
2019-04-17,61.5,62.2400016784668,60.2599983215332,61.86000061035156,441400
2019-04-18,59.81999969482422,61.459999084472656,59.16999816894531,61.459999084472656,398800
2019-04-22,60.7400016784668,61.02000045776367,59.59000015258789,59.81999969482422,310600
2019-04-23,62.869998931884766,63.18000030517578,60.9900016784668,61.06999969482422,483700
2019-04-24,62.58000183105469,64.0,62.34000015258789,62.900001525878906,297400
2019-04-25,62.939998626708984,63.15999984741211,61.79999923706055,62.58000183105469,322200
2019-04-26,62.86000061035156,63.209999084472656,62.209999084472656,62.68000030517578,488400
2019-04-29,63.369998931884766,64.0,62.279998779296875,63.02000045776367,664300
2019-04-30,63.5,64.0199966430664,62.93000030517578,63.25,669300
2019-05-01,63.790000915527344,64.2699966430664,63.22999954223633,63.83000183105469,756600
2019-05-02,64.26000213623047,64.44999694824219,63.560001373291016,63.79999923706055,430200
2019-05-03,65.30000305175781,66.11000061035156,64.41999816894531,64.69999694824219,734100
2019-05-06,65.83999633789062,66.0999984741211,63.380001068115234,63.790000915527344,523600
2019-05-07,64.63999938964844,65.83000183105469,63.869998931884766,64.80999755859375,854200
2019-05-08,67.0,67.87000274658203,64.75,64.95999908447266,795000
2019-05-09,66.7300033569336,67.30000305175781,65.0199966430664,66.48999786376953,812000
2019-05-10,63.72999954223633,68.80000305175781,61.709999084472656,67.0,1814900
2019-05-13,64.76000213623047,65.04000091552734,62.0,62.220001220703125,740200
2019-05-14,66.33000183105469,66.7300033569336,64.80000305175781,64.81999969482422,1036300
2019-05-15,65.41000366210938,65.94000244140625,64.5,65.37999725341797,488800
2019-05-16,68.18000030517578,68.48999786376953,65.45999908447266,65.51000213623047,669100
2019-05-17,68.0,68.79000091552734,67.3499984741211,67.70999908447266,999200
2019-05-20,65.43000030517578,67.81999969482422,65.06999969482422,67.20999908447266,1038000
2019-05-21,67.83999633789062,67.93000030517578,65.23999786376953,66.01000213623047,486400
2019-05-22,68.30000305175781,68.31999969482422,67.0,67.43000030517578,300100
2019-05-23,67.02999877929688,67.80999755859375,66.2699966430664,67.18000030517578,587700
2019-05-24,67.12999725341797,67.4800033569336,66.29000091552734,67.08999633789062,455200
2019-05-28,68.51000213623047,69.4000015258789,67.44999694824219,67.45999908447266,715800
2019-05-29,68.0199966430664,68.86000061035156,67.55000305175781,67.69999694824219,536100
2019-05-30,68.05000305175781,68.56999969482422,67.86000061035156,68.33000183105469,926600
2019-05-31,66.77999877929688,69.02999877929688,66.45999908447266,66.93000030517578,1030700
2019-06-03,67.45999908447266,67.54000091552734,64.69999694824219,66.6500015258789,1522200
2019-06-04,67.62999725341797,68.38999938964844,67.05999755859375,67.98999786376953,553700
2019-06-05,68.0,68.97000122070312,67.44000244140625,67.9800033569336,432000
2019-06-06,67.97000122070312,68.37000274658203,67.16000366210938,67.91000366210938,302000
2019-06-07,69.18000030517578,69.55000305175781,68.0,68.44999694824219,362100
2019-06-10,71.91000366210938,72.29000091552734,69.5,69.76000213623047,868500
2019-06-11,70.43000030517578,72.3499984741211,69.13999938964844,72.0,941100
2019-06-12,70.3499984741211,70.48999786376953,69.23999786376953,70.23999786376953,832800
2019-06-13,71.11000061035156,71.12999725341797,70.36000061035156,70.63999938964844,724500
2019-06-14,70.66999816894531,71.4800033569336,70.61000061035156,70.66000366210938,1084200
2019-06-17,68.16999816894531,71.02999877929688,66.61000061035156,70.83000183105469,946000
2019-06-18,66.04000091552734,71.22000122070312,65.51000213623047,69.58000183105469,1613600
2019-06-19,69.9000015258789,69.91999816894531,64.1500015258789,64.5,2352300
2019-06-20,73.20999908447266,73.26000213623047,70.1500015258789,70.20999908447266,1014800
2019-06-21,73.30000305175781,73.4800033569336,70.3499984741211,72.4800033569336,1666800
2019-06-24,73.20999908447266,74.93000030517578,72.80000305175781,73.3499984741211,747100
2019-06-25,68.83000183105469,71.5,68.13999938964844,71.0,1889900
2019-06-26,66.87000274658203,69.8499984741211,66.6500015258789,69.19999694824219,1307000
2019-06-27,66.88999938964844,67.41999816894531,66.22000122070312,67.0,897300
2019-06-28,64.20999908447266,66.79000091552734,64.08000183105469,66.69999694824219,9759600
2019-07-01,64.55000305175781,65.9000015258789,63.400001525878906,65.22000122070312,1060000
2019-07-02,63.79999923706055,64.75,63.02000045776367,64.75,1181500
2019-07-03,64.31999969482422,64.47000122070312,63.91999816894531,64.05000305175781,757900
2019-07-05,64.05999755859375,64.4800033569336,63.18000030517578,63.900001525878906,468500
2019-07-08,62.310001373291016,63.939998626708984,62.04999923706055,63.810001373291016,578500
2019-07-09,62.959999084472656,63.11000061035156,61.70000076293945,62.099998474121094,797500
2019-07-10,63.29999923706055,64.16000366210938,63.220001220703125,63.31999969482422,854400
2019-07-11,62.91999816894531,64.0999984741211,62.72999954223633,63.459999084472656,1148200
2019-07-12,64.5,64.7300033569336,61.880001068115234,62.900001525878906,924400
2019-07-15,63.779998779296875,65.37000274658203,63.66999816894531,64.6500015258789,665700
2019-07-16,63.900001525878906,64.08000183105469,62.83000183105469,63.790000915527344,444400
2019-07-17,64.81999969482422,65.44000244140625,63.810001373291016,64.22000122070312,617200
2019-07-18,65.76000213623047,65.83000183105469,64.5199966430664,64.70999908447266,464700
2019-07-19,65.91999816894531,66.7699966430664,65.69000244140625,65.83000183105469,548900
2019-07-22,65.41000366210938,66.44000244140625,65.0999984741211,65.80000305175781,333200
2019-07-23,66.18000030517578,66.5199966430664,65.19999694824219,65.94999694824219,339400
2019-07-24,68.75,69.41999816894531,65.9000015258789,66.0,709000
2019-07-25,68.30000305175781,69.45999908447266,68.05000305175781,69.04000091552734,461800
2019-07-26,69.5,70.55000305175781,68.4800033569336,68.4800033569336,570000
2019-07-29,68.4800033569336,70.08000183105469,68.08999633789062,69.68000030517578,395800
2019-07-30,69.63999938964844,69.66000366210938,67.51000213623047,68.0,544500
2019-07-31,70.22000122070312,71.69000244140625,69.5199966430664,69.76000213623047,602400
2019-08-01,68.44000244140625,70.95999908447266,68.37999725341797,70.12000274658203,529100
2019-08-02,69.08000183105469,69.23999786376953,67.5,68.08999633789062,553600
2019-08-05,65.91000366210938,67.58000183105469,64.26000213623047,67.58000183105469,756600
2019-08-06,65.36000061035156,67.48999786376953,65.2300033569336,66.16000366210938,839000
2019-08-07,65.54000091552734,65.94000244140625,64.0999984741211,64.5199966430664,1066800
2019-08-08,68.41000366210938,69.13999938964844,66.25,66.25,1110900
2019-08-09,58.09000015258789,61.97999954223633,56.11000061035156,60.0,4054500
2019-08-12,57.5,60.27000045776367,56.880001068115234,58.59000015258789,1118800
2019-08-13,58.779998779296875,60.619998931884766,57.209999084472656,57.56999969482422,743100
2019-08-14,57.86000061035156,58.86000061035156,57.04999923706055,58.68000030517578,829000
2019-08-15,57.36000061035156,58.7599983215332,56.95000076293945,57.849998474121094,730800
2019-08-16,59.220001220703125,59.38999938964844,56.91999816894531,57.790000915527344,711300
2019-08-19,60.11000061035156,60.90999984741211,59.59000015258789,60.400001525878906,767800
2019-08-20,60.75,60.970001220703125,59.349998474121094,60.27000045776367,974100
2019-08-21,60.34000015258789,61.349998474121094,60.22999954223633,61.349998474121094,792500
2019-08-22,62.369998931884766,62.630001068115234,60.349998474121094,60.529998779296875,668900
2019-08-23,59.369998931884766,62.689998626708984,59.13999938964844,62.150001525878906,892600
2019-08-26,60.959999084472656,61.02000045776367,59.04999923706055,60.09000015258789,402800
2019-08-27,60.97999954223633,62.349998474121094,60.400001525878906,61.45000076293945,548100
2019-08-28,59.939998626708984,61.90999984741211,59.209999084472656,60.709999084472656,479900
2019-08-29,61.33000183105469,62.060001373291016,60.939998626708984,61.150001525878906,401100
2019-08-30,59.970001220703125,61.75,59.720001220703125,61.560001373291016,465700
2019-09-03,58.9900016784668,59.529998779296875,57.900001525878906,59.529998779296875,649600
2019-09-04,59.970001220703125,60.2400016784668,59.130001068115234,59.709999084472656,345100
2019-09-05,61.189998626708984,61.93000030517578,60.130001068115234,60.869998931884766,437600
2019-09-06,61.9900016784668,62.4900016784668,60.63999938964844,61.15999984741211,330600
2019-09-09,59.54999923706055,62.439998626708984,59.22999954223633,62.439998626708984,633500
2019-09-10,60.56999969482422,60.599998474121094,58.11000061035156,59.290000915527344,485500
2019-09-11,62.939998626708984,62.9900016784668,60.31999969482422,60.779998779296875,462900
2019-09-12,64.37000274658203,64.72000122070312,62.0099983215332,63.0,436600
2019-09-13,65.11000061035156,65.66000366210938,63.959999084472656,64.5,473300
2019-09-16,66.19000244140625,66.80000305175781,64.4000015258789,64.83999633789062,403400
2019-09-17,66.1500015258789,66.4800033569336,65.18000030517578,66.41999816894531,374500
2019-09-18,65.44000244140625,66.4800033569336,64.93000030517578,66.1500015258789,402600
2019-09-19,63.13999938964844,65.41000366210938,62.25,65.0,800800
2019-09-20,63.540000915527344,64.13999938964844,62.15999984741211,63.09000015258789,1008700
2019-09-23,62.5,64.37999725341797,62.34000015258789,63.209999084472656,609700
2019-09-24,60.95000076293945,63.56999969482422,59.79999923706055,62.61000061035156,867800
2019-09-25,60.43000030517578,61.25,59.11000061035156,60.84000015258789,409900
2019-09-26,59.0099983215332,60.560001373291016,58.2400016784668,60.439998626708984,652200
2019-09-27,58.310001373291016,59.31999969482422,57.61000061035156,59.31999969482422,385200
2019-09-30,56.779998779296875,58.54999923706055,56.70000076293945,58.279998779296875,851700
2019-10-01,54.220001220703125,57.33000183105469,53.95000076293945,56.849998474121094,1024600
2019-10-02,53.2599983215332,53.68000030517578,51.279998779296875,53.68000030517578,1200200
2019-10-03,54.29999923706055,54.349998474121094,52.15999984741211,53.09000015258789,705000
2019-10-04,54.86000061035156,55.09000015258789,53.56999969482422,54.470001220703125,440200
2019-10-07,54.619998931884766,55.15999984741211,53.75,54.650001525878906,573800
2019-10-08,52.7599983215332,54.630001068115234,52.59000015258789,54.0099983215332,485800
2019-10-09,52.34000015258789,53.33000183105469,52.119998931884766,53.130001068115234,536400
2019-10-10,52.540000915527344,52.7599983215332,51.880001068115234,52.2599983215332,952200
2019-10-11,53.15999984741211,54.88999938964844,53.0099983215332,53.2400016784668,771100
2019-10-14,52.83000183105469,53.43000030517578,51.880001068115234,52.97999954223633,491100
2019-10-15,53.31999969482422,53.63999938964844,52.439998626708984,52.84000015258789,397300
2019-10-16,51.88999938964844,53.13999938964844,51.5099983215332,52.939998626708984,649100
2019-10-17,51.75,52.59000015258789,51.65999984741211,52.0,397800
2019-10-18,50.54999923706055,51.47999954223633,49.79999923706055,51.41999816894531,1065600
2019-10-21,52.31999969482422,52.470001220703125,50.56999969482422,51.189998626708984,535600
2019-10-22,53.20000076293945,53.41999816894531,51.779998779296875,52.29999923706055,824500
2019-10-23,53.709999084472656,54.209999084472656,53.20000076293945,53.400001525878906,578300
2019-10-24,54.91999816894531,55.060001373291016,53.560001373291016,53.81999969482422,508700
2019-10-25,54.2599983215332,55.16999816894531,54.20000076293945,54.689998626708984,364800
2019-10-28,54.75,55.25,54.189998626708984,54.72999954223633,507900
2019-10-29,52.97999954223633,55.209999084472656,52.810001373291016,54.560001373291016,551800
2019-10-30,52.529998779296875,53.459999084472656,51.79999923706055,52.84000015258789,656800
2019-10-31,51.130001068115234,52.66999816894531,50.779998779296875,52.470001220703125,980500
2019-11-01,52.52000045776367,53.33000183105469,51.0,51.4900016784668,1085400
2019-11-04,51.869998931884766,53.349998474121094,51.47999954223633,53.150001525878906,689300
2019-11-05,53.09000015258789,54.130001068115234,51.720001220703125,51.869998931884766,835900
2019-11-06,52.2400016784668,53.689998626708984,51.939998626708984,53.13999938964844,714800
2019-11-07,52.40999984741211,55.72999954223633,52.20000076293945,53.22999954223633,1368800
2019-11-08,65.29000091552734,71.0,61.0,61.939998626708984,4437400
2019-11-11,64.44999694824219,65.54000091552734,62.61000061035156,64.76000213623047,1259100
2019-11-12,64.01000213623047,64.75,63.34000015258789,64.4800033569336,754500
2019-11-13,64.6500015258789,64.9800033569336,63.2599983215332,63.529998779296875,578600
2019-11-14,66.69000244140625,67.05000305175781,64.44000244140625,64.6500015258789,641500
2019-11-15,67.37000274658203,68.3499984741211,66.37000274658203,67.3499984741211,724500
2019-11-18,67.72000122070312,67.83000183105469,66.3499984741211,67.23999786376953,544000
2019-11-19,68.4800033569336,69.11000061035156,67.63999938964844,67.87000274658203,560700
2019-11-20,71.9800033569336,72.0,67.44999694824219,67.94000244140625,1290900
2019-11-21,71.9000015258789,73.06999969482422,71.22000122070312,72.0,906200
2019-11-22,72.08999633789062,72.44000244140625,71.16999816894531,72.1500015258789,350600
2019-11-25,74.33000183105469,74.8499984741211,72.41000366210938,72.73999786376953,671300
2019-11-26,76.93000030517578,77.66000366210938,74.5,74.80000305175781,1591900
2019-11-27,75.56999969482422,76.06999969482422,72.0199966430664,74.80999755859375,1450400
2019-11-29,73.80000305175781,75.8499984741211,73.63999938964844,75.06999969482422,416100
2019-12-02,73.72000122070312,75.2699966430664,73.43000030517578,74.13999938964844,613600
2019-12-03,73.83000183105469,74.12999725341797,71.30999755859375,72.30999755859375,648100
2019-12-04,72.76000213623047,75.6500015258789,72.56999969482422,74.22000122070312,823300
2019-12-05,72.81999969482422,73.87000274658203,72.0199966430664,72.36000061035156,396800
2019-12-06,71.87000274658203,74.26000213623047,71.68000030517578,73.58000183105469,609600
2019-12-09,72.2699966430664,73.69999694824219,71.5199966430664,71.88999938964844,559900
2019-12-10,72.63999938964844,72.93000030517578,72.16000366210938,72.93000030517578,407800
2019-12-11,72.48999786376953,73.41999816894531,71.93000030517578,72.68000030517578,338900
2019-12-12,71.80999755859375,73.06999969482422,70.61000061035156,72.37000274658203,416800
2019-12-13,72.47000122070312,72.81999969482422,71.45999908447266,71.70999908447266,348200
2019-12-16,73.19000244140625,74.66000366210938,72.68000030517578,72.69999694824219,700600
2019-12-17,71.3499984741211,72.87000274658203,71.12999725341797,72.62999725341797,713300
2019-12-18,69.83000183105469,71.72000122070312,69.5199966430664,71.37999725341797,588400
2019-12-19,70.31999969482422,70.3499984741211,69.0999984741211,69.83999633789062,417600
2019-12-20,71.23999786376953,71.43000030517578,70.19999694824219,70.54000091552734,842800
2019-12-23,72.23999786376953,72.25,71.0999984741211,71.73999786376953,352800
2019-12-24,73.08999633789062,73.33000183105469,72.30000305175781,72.44000244140625,300000
2019-12-26,72.9000015258789,73.72000122070312,72.38999938964844,73.16000366210938,247100
2019-12-27,72.9000015258789,73.2699966430664,72.41000366210938,73.04000091552734,418700
2019-12-30,73.51000213623047,74.63999938964844,72.58999633789062,72.9000015258789,410600
2019-12-31,73.27999877929688,74.08000183105469,72.72000122070312,73.19000244140625,540200
2020-01-02,76.55999755859375,76.62000274658203,73.33999633789062,74.0199966430664,849400
2020-01-03,73.93000030517578,75.56999969482422,68.68000030517578,72.30000305175781,2187900
2020-01-06,68.75,74.48999786376953,68.08999633789062,74.12000274658203,1727000
2020-01-07,69.7699966430664,70.7300033569336,68.31999969482422,68.81999969482422,766300
2020-01-08,69.61000061035156,71.62999725341797,69.51000213623047,69.94999694824219,911200
2020-01-09,70.19000244140625,71.0,69.94000244140625,70.08999633789062,549600
2020-01-10,69.51000213623047,70.8499984741211,69.20999908447266,70.22000122070312,574800
2020-01-13,70.7699966430664,70.9000015258789,69.5,69.83000183105469,426800
2020-01-14,71.36000061035156,71.8499984741211,69.47000122070312,70.66999816894531,1030500
2020-01-15,72.69999694824219,72.97000122070312,71.54000091552734,71.54000091552734,389800
2020-01-16,75.22000122070312,75.30999755859375,73.12000274658203,73.12000274658203,522500
2020-01-17,73.5999984741211,75.8499984741211,73.55000305175781,75.52999877929688,346700
2020-01-21,75.26000213623047,75.44000244140625,73.25,73.25,509100
2020-01-22,79.08000183105469,79.44999694824219,75.5999984741211,75.5999984741211,1681400
2020-01-23,78.63999938964844,80.66000366210938,78.58000183105469,79.06999969482422,748800
2020-01-24,80.55000305175781,80.83999633789062,77.29000091552734,79.19000244140625,1104800
2020-01-27,77.91000366210938,79.45999908447266,77.81999969482422,78.58999633789062,966500
2020-01-28,78.97000122070312,80.13999938964844,77.79000091552734,78.30999755859375,512700
2020-01-29,79.91000366210938,80.79000091552734,78.75,79.7699966430664,446200
2020-01-30,78.33999633789062,80.04000091552734,77.13999938964844,79.19999694824219,332100
2020-01-31,76.80999755859375,78.61000061035156,76.37999725341797,78.16000366210938,537700
2020-02-03,77.58999633789062,78.29000091552734,76.5,77.37000274658203,511300
2020-02-04,81.79000091552734,82.48999786376953,78.69000244140625,78.98999786376953,717200
2020-02-05,81.80999755859375,83.62999725341797,79.7699966430664,83.2300033569336,614300
2020-02-06,83.52999877929688,83.9000015258789,81.25,82.22000122070312,494700
2020-02-07,82.8499984741211,83.8499984741211,81.66999816894531,83.36000061035156,309500
2020-02-10,85.44000244140625,85.7300033569336,82.77999877929688,82.87999725341797,648400
2020-02-11,87.13999938964844,87.51000213623047,84.88999938964844,86.04000091552734,531900
2020-02-12,87.9800033569336,88.2300033569336,86.44000244140625,87.7699966430664,642500
2020-02-13,87.73999786376953,89.16000366210938,87.2300033569336,87.52999877929688,547700
2020-02-14,87.11000061035156,88.44000244140625,86.69999694824219,87.86000061035156,592100
2020-02-18,87.30999755859375,87.7300033569336,86.12000274658203,87.22000122070312,446800
2020-02-19,88.9000015258789,90.0999984741211,87.45999908447266,87.87999725341797,549500
2020-02-20,86.45999908447266,87.88999938964844,82.33000183105469,86.1500015258789,886700
2020-02-21,85.98999786376953,87.08999633789062,84.61000061035156,86.73999786376953,469000
2020-02-24,82.41000366210938,84.80999755859375,77.94999694824219,79.73999786376953,945300
2020-02-25,79.51000213623047,84.22000122070312,79.13999938964844,82.81999969482422,765900
2020-02-26,80.4000015258789,82.86000061035156,79.48999786376953,79.5999984741211,675400
2020-02-27,77.12000274658203,80.81999969482422,74.20999908447266,77.9000015258789,1039000
2020-02-28,77.37000274658203,78.11000061035156,71.0,72.0,1852300
2020-03-02,82.33999633789062,82.68000030517578,75.75,77.93000030517578,1405300
2020-03-03,78.0999984741211,83.4800033569336,77.2699966430664,82.69999694824219,940800
2020-03-04,80.66000366210938,81.2699966430664,78.27999877929688,79.80000305175781,760600
2020-03-05,75.16999816894531,79.63999938964844,73.8499984741211,78.23999786376953,817100
2020-03-06,74.44000244140625,75.63999938964844,71.55000305175781,72.45999908447266,814300
2020-03-09,66.11000061035156,70.5199966430664,62.65999984741211,69.16999816894531,1024400
2020-03-10,67.11000061035156,69.0199966430664,63.599998474121094,69.0199966430664,775800
2020-03-11,60.470001220703125,66.36000061035156,59.599998474121094,64.87999725341797,1165800
2020-03-12,56.720001220703125,59.97999954223633,51.86000061035156,54.189998626708984,1225900
2020-03-13,62.43000030517578,62.790000915527344,54.70000076293945,60.33000183105469,996800
2020-03-16,53.91999816894531,58.650001525878906,52.7599983215332,54.31999969482422,1015200
2020-03-17,57.150001525878906,57.380001068115234,51.29999923706055,54.41999816894531,993400
2020-03-18,52.61000061035156,55.869998931884766,50.04999923706055,53.20000076293945,935700
2020-03-19,62.0099983215332,64.25,52.2400016784668,52.88999938964844,1219000
2020-03-20,60.779998779296875,65.22000122070312,59.79999923706055,62.150001525878906,1270700
2020-03-23,63.40999984741211,65.01000213623047,58.060001373291016,60.529998779296875,840700
2020-03-24,69.83000183105469,70.95999908447266,66.5,66.66000366210938,824400
2020-03-25,71.1500015258789,74.08999633789062,66.58999633789062,69.83999633789062,803500
2020-03-26,76.5199966430664,77.86000061035156,72.30999755859375,72.63999938964844,745700
2020-03-27,74.41000366210938,77.2300033569336,71.87000274658203,73.08000183105469,824600
2020-03-30,69.45999908447266,76.36000061035156,69.0999984741211,74.30000305175781,1103100
2020-03-31,70.7699966430664,72.72000122070312,67.95999908447266,69.02999877929688,1286100
2020-04-01,64.72000122070312,69.66999816894531,63.70000076293945,67.58000183105469,690300
2020-04-02,62.63999938964844,67.29000091552734,61.22999954223633,64.98999786376953,508200
2020-04-03,61.5099983215332,62.41999816894531,60.54999923706055,61.9900016784668,557700
2020-04-06,68.0,68.6500015258789,63.7599983215332,64.55999755859375,773100
2020-04-07,68.95999908447266,71.98999786376953,68.0999984741211,70.66999816894531,769700
2020-04-08,72.4800033569336,73.4000015258789,69.4000015258789,70.2699966430664,565400
2020-04-09,74.69999694824219,76.25,72.5999984741211,73.73999786376953,443200
2020-04-13,73.48999786376953,74.37999725341797,71.66999816894531,73.76000213623047,326300
2020-04-14,76.62000274658203,77.54000091552734,74.9000015258789,75.0999984741211,418400
2020-04-15,74.12999725341797,75.48999786376953,72.33999633789062,73.88999938964844,463700
2020-04-16,72.7699966430664,75.0,70.6500015258789,74.5199966430664,627400
2020-04-17,76.72000122070312,77.2300033569336,75.0999984741211,75.8499984741211,544000
2020-04-20,76.77999877929688,80.16000366210938,74.37999725341797,74.4800033569336,1562400
2020-04-21,70.5999984741211,76.41000366210938,69.6500015258789,74.75,849600
2020-04-22,73.33000183105469,74.0199966430664,71.23999786376953,73.05000305175781,341500
2020-04-23,70.75,75.25,70.5999984741211,74.05000305175781,502800
2020-04-24,71.83999633789062,72.19999694824219,69.3499984741211,71.08999633789062,815900
2020-04-27,72.1500015258789,73.91000366210938,71.66999816894531,72.5,611600
2020-04-28,75.33999633789062,76.0,71.12000274658203,73.62999725341797,658500
2020-04-29,75.23999786376953,77.47000122070312,73.91000366210938,77.47000122070312,747800
2020-04-30,72.70999908447266,75.2300033569336,71.9000015258789,75.0,520300
2020-05-01,69.5199966430664,72.93000030517578,69.05000305175781,71.4000015258789,560900
2020-05-04,67.0,69.0,65.5,68.13999938964844,883700
2020-05-05,65.8499984741211,68.80999755859375,65.7699966430664,68.08999633789062,613300
2020-05-06,66.12999725341797,68.2300033569336,65.63999938964844,66.9000015258789,517600
2020-05-07,70.27999877929688,71.56999969482422,67.0,67.54000091552734,786800
2020-05-08,86.12999725341797,86.4800033569336,76.52999877929688,77.29000091552734,3492100
2020-05-11,84.91999816894531,89.43000030517578,84.06999969482422,86.0,1357700
2020-05-12,83.4800033569336,85.98999786376953,83.41000366210938,84.01000213623047,986800
2020-05-13,80.16999816894531,84.91000366210938,79.0999984741211,84.0,878000
2020-05-14,75.5999984741211,79.08000183105469,74.73999786376953,78.80000305175781,852800
2020-05-15,73.91000366210938,77.75,73.62000274658203,75.4000015258789,580600
2020-05-18,74.86000061035156,79.0,73.62000274658203,76.02999877929688,668100
2020-05-19,74.7300033569336,76.22000122070312,73.69000244140625,74.38999938964844,703000
2020-05-20,76.20999908447266,77.37000274658203,75.66000366210938,76.86000061035156,426800
2020-05-21,76.55999755859375,77.54000091552734,72.87999725341797,76.22000122070312,677000
2020-05-22,74.11000061035156,77.19000244140625,73.5999984741211,77.11000061035156,590900
2020-05-26,75.80000305175781,76.79000091552734,74.79000091552734,75.75,503700
2020-05-27,75.69999694824219,76.79000091552734,71.20999908447266,76.79000091552734,687900
2020-05-28,73.19999694824219,78.68000030517578,73.04000091552734,77.08000183105469,657400
2020-05-29,75.95999908447266,76.13999938964844,72.13999938964844,72.77999877929688,792700
2020-06-01,89.75,92.0,82.80000305175781,84.19000244140625,4979100
2020-06-02,97.8499984741211,99.62000274658203,91.0,91.80000305175781,3639900
2020-06-03,91.18000030517578,97.95999908447266,90.31999969482422,97.4800033569336,2102500
2020-06-04,93.33999633789062,93.58999633789062,90.4000015258789,91.0,1070300
2020-06-05,92.79000091552734,97.22000122070312,92.02999877929688,96.18000030517578,850300
2020-06-08,97.2699966430664,98.58000183105469,94.19999694824219,96.56999969482422,1273300
2020-06-09,100.2699966430664,104.76000213623047,96.0999984741211,96.75,2296400
2020-06-10,103.25,104.9000015258789,100.27999877929688,101.54000091552734,1780800
2020-06-11,90.01000213623047,98.58000183105469,90.0,98.51000213623047,1495800
2020-06-12,94.08999633789062,97.5999984741211,91.62999725341797,97.5999984741211,1132700
2020-06-15,100.3499984741211,100.41000366210938,91.55000305175781,91.80000305175781,1426900
2020-06-16,93.66000366210938,100.5199966430664,91.80000305175781,100.48999786376953,2343000
2020-06-17,94.8499984741211,96.93000030517578,93.0,93.12000274658203,2783600
2020-06-18,91.80999755859375,96.3499984741211,91.80000305175781,94.36000061035156,1181300
2020-06-19,90.12000274658203,93.48999786376953,88.69000244140625,92.77999877929688,2134100
2020-06-22,92.5,93.69999694824219,88.52999877929688,90.5,850900
2020-06-23,95.54000091552734,97.73999786376953,92.08000183105469,93.41000366210938,1920600
2020-06-24,93.43000030517578,97.16000366210938,91.86000061035156,94.4000015258789,1397300
2020-06-25,95.94999694824219,95.94999694824219,91.52999877929688,92.70999908447266,1005600
2020-06-26,96.05999755859375,97.72000122070312,94.16999816894531,95.87999725341797,7776900
2020-06-29,95.80000305175781,97.25,92.41000366210938,97.19000244140625,761700
2020-06-30,98.12999725341797,100.6500015258789,95.19999694824219,95.19999694824219,1101900
2020-07-01,99.37000274658203,100.13999938964844,97.54000091552734,98.63999938964844,595800
2020-07-02,100.33999633789062,101.83999633789062,99.4000015258789,100.2300033569336,685500
2020-07-06,99.63999938964844,102.4000015258789,98.8499984741211,102.0,667900
2020-07-07,96.05999755859375,101.05000305175781,95.61000061035156,99.04000091552734,1091700
2020-07-08,96.93000030517578,99.0,96.05999755859375,96.83000183105469,662000
2020-07-09,96.43000030517578,98.04000091552734,95.18000030517578,97.16999816894531,481500
2020-07-10,95.91000366210938,97.8499984741211,95.33999633789062,96.13999938964844,467600
2020-07-13,90.7699966430664,97.16999816894531,90.27999877929688,97.16999816894531,656000
2020-07-14,92.83000183105469,92.86000061035156,87.75,90.75,686600
2020-07-15,92.63999938964844,94.69999694824219,91.55999755859375,94.0,438800
2020-07-16,91.08000183105469,92.3499984741211,90.27999877929688,92.3499984741211,447000
2020-07-17,90.72000122070312,91.62000274658203,90.26000213623047,91.55000305175781,468900
2020-07-20,92.23999786376953,93.4000015258789,90.76000213623047,91.0,674300
2020-07-21,92.11000061035156,95.0,91.76000213623047,94.13999938964844,565300
2020-07-22,89.12000274658203,93.05999755859375,88.2300033569336,91.62999725341797,836900
2020-07-23,87.52999877929688,89.88999938964844,86.55999755859375,88.91999816894531,660400
2020-07-24,85.62000274658203,87.47000122070312,83.66000366210938,86.56999969482422,664800
2020-07-27,86.44000244140625,87.4000015258789,84.97000122070312,86.13999938964844,519200
2020-07-28,85.8499984741211,86.80999755859375,84.95999908447266,86.04000091552734,374500
2020-07-29,84.88999938964844,86.79000091552734,84.7300033569336,86.06999969482422,413200
2020-07-30,84.87999725341797,85.70999908447266,83.4800033569336,84.05999755859375,493400
2020-07-31,83.12999725341797,86.05000305175781,82.44999694824219,85.66000366210938,680300
2020-08-03,88.5,88.9000015258789,83.5,83.79000091552734,644000
2020-08-04,89.51000213623047,89.56999969482422,87.5,88.0199966430664,652000
2020-08-05,92.63999938964844,93.12000274658203,89.41000366210938,90.0,780300
2020-08-06,91.66999816894531,93.70999908447266,91.05999755859375,92.55000305175781,950900
2020-08-07,83.87999725341797,88.0,82.5,85.5,2278800
2020-08-10,83.13999938964844,85.1500015258789,82.94999694824219,84.23999786376953,674200
2020-08-11,79.2300033569336,83.5,79.12000274658203,83.5,940400
2020-08-12,79.76000213623047,80.13999938964844,78.27999877929688,79.5999984741211,921500
2020-08-13,80.41000366210938,82.31999969482422,79.87999725341797,80.1500015258789,358200
2020-08-14,79.58000183105469,81.83000183105469,79.12999725341797,80.87000274658203,258000
2020-08-17,79.62000274658203,80.6500015258789,79.3499984741211,80.06999969482422,393200
2020-08-18,79.3499984741211,80.0,78.36000061035156,79.88999938964844,404200
2020-08-19,80.95999908447266,82.08000183105469,79.16999816894531,79.7300033569336,535900
2020-08-20,81.75,82.08000183105469,80.29000091552734,80.36000061035156,479900
2020-08-21,82.61000061035156,82.68000030517578,80.6500015258789,81.54000091552734,604900
2020-08-24,83.25,84.13999938964844,81.68000030517578,83.66000366210938,743500
2020-08-25,85.2300033569336,87.51000213623047,82.86000061035156,83.26000213623047,1041300
2020-08-26,85.19000244140625,86.41999816894531,84.27999877929688,85.01000213623047,496400
2020-08-27,85.38999938964844,86.7300033569336,85.2699966430664,86.19000244140625,502500
2020-08-28,83.83999633789062,85.97000122070312,83.29000091552734,85.38999938964844,464000
2020-08-31,85.68000030517578,85.94999694824219,83.5,83.73999786376953,403200
2020-09-01,87.43000030517578,88.6500015258789,84.77999877929688,85.19999694824219,490600
2020-09-02,88.12999725341797,88.73999786376953,86.1500015258789,88.13999938964844,403100
2020-09-03,84.54000091552734,87.5999984741211,83.4000015258789,87.5199966430664,532900
2020-09-04,82.66999816894531,85.5199966430664,81.1500015258789,84.9800033569336,515000
2020-09-08,81.3499984741211,83.13999938964844,79.72000122070312,80.5,578200
2020-09-09,85.23999786376953,85.58000183105469,82.19999694824219,82.25,2646400
2020-09-10,84.29000091552734,87.29000091552734,83.91000366210938,85.47000122070312,579100
2020-09-11,83.91000366210938,85.26000213623047,83.12000274658203,84.94999694824219,553500
2020-09-14,83.83999633789062,85.44000244140625,82.81999969482422,84.26000213623047,376200
2020-09-15,84.4000015258789,84.58000183105469,83.05000305175781,84.58000183105469,360700
2020-09-16,83.7300033569336,85.04000091552734,83.4000015258789,85.0,327300
2020-09-17,82.83000183105469,83.23999786376953,81.6500015258789,83.0,293100
2020-09-18,82.55000305175781,83.3499984741211,80.75,83.1500015258789,813700
2020-09-21,83.18000030517578,83.76000213623047,80.54000091552734,81.33000183105469,534500
2020-09-22,86.87999725341797,87.12000274658203,83.06999969482422,84.01000213623047,895600
2020-09-23,86.70999908447266,88.69000244140625,86.0,87.0,637800
2020-09-24,85.38999938964844,86.7300033569336,84.0999984741211,86.0,464500
2020-09-25,87.19999694824219,87.37999725341797,84.58000183105469,85.25,439300
2020-09-28,87.91000366210938,89.5199966430664,87.55000305175781,88.08999633789062,509300
2020-09-29,88.62000274658203,89.1500015258789,87.0999984741211,87.91999816894531,391400
2020-09-30,90.69999694824219,91.83000183105469,89.16999816894531,89.36000061035156,892600
2020-10-01,95.61000061035156,96.08999633789062,91.30999755859375,91.83999633789062,886700
2020-10-02,91.55000305175781,94.48999786376953,90.87000274658203,93.5,474800
2020-10-05,91.83999633789062,93.44999694824219,90.16999816894531,92.22000122070312,433000
2020-10-06,93.22000122070312,94.47000122070312,91.45999908447266,92.19999694824219,456300
2020-10-07,96.06999969482422,96.36000061035156,93.91000366210938,94.54000091552734,390000
2020-10-08,97.06999969482422,97.37999725341797,95.54000091552734,96.8499984741211,378100
2020-10-09,98.98999786376953,99.66999816894531,97.55999755859375,97.56999969482422,443200
2020-10-12,99.18000030517578,100.12000274658203,98.12999725341797,99.72000122070312,501500
2020-10-13,101.75,101.87000274658203,98.5999984741211,99.0,452200
2020-10-14,101.41999816894531,103.70999908447266,100.16999816894531,102.0,359000
2020-10-15,105.86000061035156,106.55000305175781,99.0,100.05000305175781,913500
2020-10-16,109.16000366210938,109.73999786376953,105.7699966430664,107.51000213623047,729800
2020-10-19,107.62000274658203,113.0,107.43000030517578,109.77999877929688,713100
2020-10-20,106.06999969482422,109.33999633789062,105.2699966430664,108.41000366210938,684900
2020-10-21,103.26000213623047,107.62000274658203,103.05999755859375,106.69000244140625,617500
2020-10-22,103.63999938964844,105.48999786376953,102.66999816894531,104.16999816894531,512200
2020-10-23,102.91000366210938,104.72000122070312,102.16000366210938,104.19999694824219,578800
2020-10-26,101.93000030517578,103.31999969482422,100.51000213623047,102.0,335800
2020-10-27,101.05000305175781,102.55999755859375,100.5999984741211,102.20999908447266,289200
2020-10-28,102.0,102.80000305175781,99.08999633789062,100.0,456200
2020-10-29,103.4000015258789,104.12000274658203,101.75,102.8499984741211,521400
2020-10-30,98.9000015258789,103.43000030517578,98.01000213623047,103.01000213623047,447300
2020-11-02,97.94999694824219,101.31999969482422,96.66000366210938,99.66999816894531,444300
2020-11-03,101.68000030517578,101.9800033569336,97.72000122070312,97.91999816894531,391800
2020-11-04,105.05000305175781,107.41000366210938,103.0,103.01000213623047,563700
2020-11-05,108.5,110.4000015258789,105.70999908447266,106.06999969482422,581200
2020-11-06,122.58999633789062,127.48999786376953,116.0,116.01000213623047,1860000
2020-11-09,124.26000213623047,128.38999938964844,121.2699966430664,126.51000213623047,943000
2020-11-10,119.0,125.18000030517578,116.80000305175781,123.01000213623047,942000
2020-11-11,118.30000305175781,121.7699966430664,117.58000183105469,119.41999816894531,485800
2020-11-12,118.1500015258789,119.58999633789062,117.0,118.01000213623047,396500
2020-11-13,120.9800033569336,121.19999694824219,117.36000061035156,119.05000305175781,421200
2020-11-16,119.33000183105469,122.0999984741211,117.69999694824219,122.0999984741211,501800
2020-11-17,119.05000305175781,119.55000305175781,116.62000274658203,118.44000244140625,411000
2020-11-18,119.83000183105469,121.8499984741211,118.9800033569336,119.63999938964844,358100
2020-11-19,123.0999984741211,124.45999908447266,119.41000366210938,119.66000366210938,576900
2020-11-20,124.80999755859375,125.44999694824219,121.80999755859375,124.19000244140625,406100
2020-11-23,126.5,127.22000122070312,123.13999938964844,126.29000091552734,402800
2020-11-24,127.48999786376953,130.41000366210938,126.01000213623047,127.54000091552734,405100
2020-11-25,127.73999786376953,128.22999572753906,125.29000091552734,127.68000030517578,432000
2020-11-27,125.55000305175781,128.6999969482422,124.19999694824219,128.6999969482422,271800
2020-11-30,125.69000244140625,127.38999938964844,123.36000061035156,126.88999938964844,384100
2020-12-01,125.26000213623047,127.4000015258789,124.29000091552734,127.02999877929688,483900
2020-12-02,123.91999816894531,124.5,122.58999633789062,124.29000091552734,287400
2020-12-03,123.8499984741211,126.62000274658203,123.41999816894531,123.91999816894531,312200
2020-12-04,124.18000030517578,124.93000030517578,123.1500015258789,123.8499984741211,250000
2020-12-07,122.79000091552734,126.0,122.44999694824219,124.98999786376953,340200
2020-12-08,125.55999755859375,125.73999786376953,122.36000061035156,122.37000274658203,425900
2020-12-09,123.19000244140625,128.8800048828125,121.68000030517578,125.22000122070312,401400
2020-12-10,125.4800033569336,126.25,121.0999984741211,122.0199966430664,787600
2020-12-11,123.12000274658203,127.58000183105469,122.55000305175781,126.05999755859375,475000
2020-12-14,127.23999786376953,129.8000030517578,124.5,124.5,918100
2020-12-15,128.80999755859375,129.36000061035156,126.70999908447266,129.1300048828125,447800
2020-12-16,119.94000244140625,127.9000015258789,119.05000305175781,127.12999725341797,783100
2020-12-17,120.75,122.80999755859375,118.52999877929688,119.80999755859375,616000
2020-12-18,125.33999633789062,125.80000305175781,121.55000305175781,121.69999694824219,1000400
2020-12-21,127.87000274658203,128.22999572753906,124.51000213623047,126.12000274658203,542400
2020-12-22,128.5,131.6300048828125,126.37999725341797,127.58000183105469,940300
2020-12-23,131.8300018310547,134.72999572753906,129.0399932861328,129.0399932861328,564800
2020-12-24,130.75,132.4600067138672,129.30999755859375,132.0,187400
2020-12-28,125.16000366210938,133.49000549316406,125.1500015258789,132.5,336500
2020-12-29,123.33000183105469,126.61000061035156,120.8499984741211,126.0,601400
2020-12-30,123.87999725341797,126.45999908447266,123.56999969482422,123.94999694824219,385900
2020-12-31,122.52999877929688,123.87999725341797,121.30000305175781,123.87999725341797,354000
2021-01-04,116.8499984741211,123.38999938964844,115.56999969482422,123.01000213623047,656800
2021-01-05,122.30000305175781,122.54000091552734,116.01000213623047,116.41000366210938,650400
2021-01-06,121.69000244140625,123.06999969482422,118.44000244140625,122.22000122070312,691900
2021-01-07,124.56999969482422,125.05000305175781,121.04000091552734,121.81999969482422,432700
2021-01-08,125.36000061035156,128.27999877929688,123.5999984741211,124.88999938964844,452200
2021-01-11,124.83999633789062,127.87000274658203,123.5999984741211,125.18000030517578,549500
2021-01-12,135.0,135.0500030517578,126.36000061035156,126.36000061035156,1237800
2021-01-13,145.25999450683594,146.05999755859375,135.25,136.6699981689453,1174300
2021-01-14,149.63999938964844,152.0,145.41000366210938,146.08999633789062,825900
2021-01-15,150.77000427246094,166.49000549316406,150.0,161.89999389648438,1683000
2021-01-19,159.36000061035156,159.85000610351562,154.0,154.8300018310547,1234100
2021-01-20,164.55999755859375,168.47999572753906,162.41000366210938,162.74000549316406,1308000
2021-01-21,162.5399932861328,168.39999389648438,161.7100067138672,168.02999877929688,868000
2021-01-22,170.25999450683594,171.72999572753906,160.85000610351562,161.0800018310547,654200
2021-01-25,174.5399932861328,177.7100067138672,168.02999877929688,173.4600067138672,609600
2021-01-26,176.64999389648438,180.69000244140625,175.25,176.52000427246094,849100
2021-01-27,170.0399932861328,176.64999389648438,168.41000366210938,171.72000122070312,659000
2021-01-28,163.97000122070312,176.60000610351562,162.57000732421875,166.3699951171875,732700
2021-01-29,164.16000366210938,168.97000122070312,160.3000030517578,161.60000610351562,356700
2021-02-01,166.14999389648438,168.0,163.3699951171875,167.1300048828125,331200
2021-02-02,166.52999877929688,171.9499969482422,165.00999450683594,171.6199951171875,357200
2021-02-03,167.5500030517578,169.05999755859375,163.86000061035156,167.85000610351562,294300
2021-02-04,175.33999633789062,175.57000732421875,166.02999877929688,169.8000030517578,433000
2021-02-05,177.17999267578125,178.52000427246094,172.97000122070312,178.22000122070312,185600
2021-02-08,182.38999938964844,182.47999572753906,176.52000427246094,180.0,388600
2021-02-09,183.16000366210938,184.88999938964844,180.24000549316406,180.24000549316406,397200
2021-02-10,187.97999572753906,190.0399932861328,182.16000366210938,185.0,485500
2021-02-11,203.50999450683594,212.3699951171875,189.63999938964844,190.0,2637000
2021-02-12,195.5399932861328,202.4600067138672,194.80999755859375,202.0,914800
2021-02-16,175.92999267578125,198.8800048828125,175.9199981689453,198.22999572753906,1325000
2021-02-17,178.3800048828125,180.88999938964844,175.0,177.1699981689453,785400
2021-02-18,173.75,178.3800048828125,171.1300048828125,176.2100067138672,477400
2021-02-19,177.0,180.99000549316406,175.99000549316406,176.3800048828125,459500
2021-02-22,170.0,180.0,168.9499969482422,177.14999389648438,495700
2021-02-23,169.13999938964844,170.67999267578125,156.88999938964844,164.80999755859375,659400
2021-02-24,161.4499969482422,171.82000732421875,160.02999877929688,170.9600067138672,815500
2021-02-25,159.89999389648438,168.74000549316406,158.5,161.89999389648438,572300
2021-02-26,165.49000549316406,169.0,160.0,160.89999389648438,652900
2021-03-01,169.64999389648438,174.8300018310547,167.22000122070312,170.74000549316406,1052200
2021-03-02,166.14999389648438,172.7100067138672,163.49000549316406,169.99000549316406,814400
2021-03-03,155.00999450683594,167.7899932861328,153.94000244140625,164.64999389648438,634600
2021-03-04,144.89999389648438,155.36000061035156,138.25999450683594,151.8300018310547,1239800
2021-03-05,143.0399932861328,145.0,128.00999450683594,144.5399932861328,911100
2021-03-08,138.58999633789062,147.0,137.5,143.0800018310547,490200
2021-03-09,144.39999389648438,147.88999938964844,143.07000732421875,143.47999572753906,496000
2021-03-10,141.10000610351562,150.7899932861328,140.42999267578125,147.49000549316406,651400
2021-03-11,152.75999450683594,153.75999450683594,146.1199951171875,146.50999450683594,796400
2021-03-12,152.25999450683594,154.8300018310547,147.36000061035156,150.9199981689453,370800
2021-03-15,153.7100067138672,155.2899932861328,150.6300048828125,153.25999450683594,423600
2021-03-16,147.02999877929688,159.02000427246094,144.7100067138672,156.63999938964844,411800
2021-03-17,148.42999267578125,149.27000427246094,142.5,145.1999969482422,327700
2021-03-18,139.9600067138672,148.1699981689453,138.88999938964844,148.1699981689453,341300
2021-03-19,144.75,146.07000732421875,137.8699951171875,139.11000061035156,857200
2021-03-22,144.77000427246094,148.99000549316406,144.3300018310547,146.77999877929688,422200
2021-03-23,139.6199951171875,146.0,138.8000030517578,144.00999450683594,355800
2021-03-24,133.4499969482422,140.5,133.0500030517578,140.38999938964844,496100
2021-03-25,136.77000427246094,137.08999633789062,127.25,130.0,471300
2021-03-26,137.82000732421875,139.05999755859375,131.69000244140625,137.50999450683594,407200
2021-03-29,134.32000732421875,138.47000122070312,131.82000732421875,137.49000549316406,414500
2021-03-30,139.27999877929688,140.17999267578125,133.0,134.1699981689453,398100
2021-03-31,142.4199981689453,143.9600067138672,140.36000061035156,140.36000061035156,424900
2021-04-01,143.05999755859375,147.50999450683594,142.5500030517578,144.4199981689453,391000
2021-04-05,146.3300018310547,147.25,144.0,146.1999969482422,559700
2021-04-06,145.60000610351562,148.27999877929688,145.05999755859375,147.05999755859375,407500
2021-04-07,147.27000427246094,147.75999450683594,144.4600067138672,147.02999877929688,273200
2021-04-08,150.57000732421875,152.0,147.50999450683594,148.07000732421875,418300
2021-04-09,149.4199981689453,150.52999877929688,145.35000610351562,149.60000610351562,447300
2021-04-12,149.1699981689453,149.80999755859375,145.5,149.16000366210938,310200
2021-04-13,152.5500030517578,152.6199951171875,148.75999450683594,150.0,310000
2021-04-14,152.44000244140625,156.3699951171875,152.08999633789062,153.47999572753906,392500
2021-04-15,153.25,156.05999755859375,152.0,155.0,245600
2021-04-16,152.74000549316406,154.83999633789062,151.05999755859375,153.22999572753906,348500
2021-04-19,150.5500030517578,151.11000061035156,145.1999969482422,150.5,489000
2021-04-20,150.7899932861328,154.33999633789062,147.25999450683594,150.5,468100
2021-04-21,149.88999938964844,152.9600067138672,147.66000366210938,149.89999389648438,324700
2021-04-22,153.64999389648438,156.0,150.10000610351562,150.10000610351562,346500
2021-04-23,153.94000244140625,156.11000061035156,153.77999877929688,154.9199981689453,392700
2021-04-26,159.2899932861328,159.63999938964844,150.44000244140625,154.64999389648438,488600
2021-04-27,156.61000061035156,161.50999450683594,156.61000061035156,159.9600067138672,291600
2021-04-28,155.5500030517578,159.10000610351562,154.6999969482422,156.61000061035156,223600
2021-04-29,154.0500030517578,157.02000427246094,152.0,156.25999450683594,197500
2021-04-30,151.61000061035156,154.82000732421875,151.0,152.1699981689453,195300
2021-05-03,148.97999572753906,152.52999877929688,148.64999389648438,152.25999450683594,187900
2021-05-04,142.4600067138672,148.3300018310547,141.72000122070312,148.00999450683594,307700
2021-05-05,141.24000549316406,144.8699951171875,140.16000366210938,142.47000122070312,199200
2021-05-06,130.86000061035156,141.38999938964844,128.33999633789062,140.69000244140625,887400
2021-05-07,134.74000549316406,141.11000061035156,132.07000732421875,138.0800018310547,610100
2021-05-10,129.0,133.99000549316406,127.5,132.83999633789062,387100
2021-05-11,131.9600067138672,134.64999389648438,123.16000366210938,125.0,552100
2021-05-12,124.08999633789062,130.1199951171875,123.2699966430664,129.1300048828125,580500
2021-05-13,126.25,127.76000213623047,123.0199966430664,124.55999755859375,391600
2021-05-14,132.75999450683594,133.08999633789062,128.08999633789062,128.08999633789062,385000
2021-05-17,133.58999633789062,134.1300048828125,130.42999267578125,130.75,346100
2021-05-18,123.43000030517578,134.4600067138672,121.08999633789062,134.30999755859375,1138000
2021-05-19,126.80000305175781,128.3000030517578,123.52999877929688,123.80999755859375,581300
2021-05-20,130.30999755859375,131.5,127.08999633789062,127.80999755859375,334900
2021-05-21,127.06999969482422,131.99000549316406,126.4800033569336,131.5,344600
2021-05-24,129.99000549316406,131.61000061035156,127.86000061035156,128.80999755859375,280100
2021-05-25,130.72999572753906,134.1999969482422,130.6199951171875,130.64999389648438,293400
2021-05-26,136.05999755859375,137.27999877929688,131.3800048828125,131.88999938964844,337100
2021-05-27,139.47999572753906,139.77999877929688,135.07000732421875,136.1199951171875,367400
2021-05-28,140.58999633789062,143.3800048828125,139.47999572753906,140.08999633789062,464300
2021-06-01,139.14999389648438,142.9499969482422,136.52999877929688,142.4199981689453,355100
2021-06-02,141.58999633789062,141.86000061035156,137.32000732421875,139.52999877929688,299200
2021-06-03,138.19000244140625,140.4199981689453,137.4499969482422,139.0,236000
2021-06-04,141.16000366210938,141.33999633789062,138.33999633789062,138.33999633789062,206400
2021-06-07,146.61000061035156,146.94000244140625,139.5500030517578,141.1300048828125,316500
2021-06-08,151.05999755859375,151.99000549316406,145.94000244140625,148.08999633789062,481900
2021-06-09,148.0500030517578,153.0,147.82000732421875,152.85000610351562,361800
2021-06-10,150.72000122070312,151.39999389648438,147.1199951171875,148.5500030517578,229700
2021-06-11,157.44000244140625,157.7899932861328,151.50999450683594,151.7100067138672,509700
2021-06-14,156.99000549316406,160.07000732421875,156.36000061035156,158.49000549316406,821100
2021-06-15,154.49000549316406,158.60000610351562,153.99000549316406,157.0,407100
2021-06-16,152.0,156.83999633789062,151.11000061035156,155.2899932861328,552400
2021-06-17,153.60000610351562,154.07000732421875,151.10000610351562,151.1199951171875,571500
2021-06-18,156.85000610351562,163.16000366210938,152.0800018310547,152.0800018310547,861500
2021-06-21,158.75999450683594,159.97000122070312,154.55999755859375,157.44000244140625,258200
2021-06-22,160.6199951171875,161.10000610351562,157.2899932861328,158.27000427246094,302700
2021-06-23,165.97999572753906,167.61000061035156,160.64999389648438,160.64999389648438,475000
2021-06-24,167.8699951171875,168.1199951171875,164.4499969482422,166.9199981689453,312500
2021-06-25,172.17999267578125,173.0,167.36000061035156,169.0,597100
2021-06-28,172.05999755859375,176.0,170.66000366210938,174.13999938964844,418200
2021-06-29,174.13999938964844,176.0,171.58999633789062,172.1699981689453,394700
2021-06-30,176.8000030517578,179.3000030517578,175.6999969482422,176.10000610351562,573200
2021-07-01,173.25999450683594,176.8000030517578,172.3800048828125,176.8000030517578,430300
2021-07-02,177.7899932861328,178.1699981689453,173.66000366210938,174.7899932861328,266300
2021-07-06,176.6999969482422,177.8800048828125,174.58999633789062,177.8800048828125,350700
2021-07-07,175.80999755859375,177.57000732421875,172.9199981689453,177.2100067138672,215000
2021-07-08,177.67999267578125,177.94000244140625,168.41000366210938,170.5,287100
2021-07-09,178.2899932861328,178.74000549316406,175.22000122070312,178.74000549316406,208700
2021-07-12,179.9199981689453,180.60000610351562,174.58999633789062,178.9499969482422,343800
2021-07-13,182.3000030517578,185.2899932861328,178.22000122070312,178.92999267578125,379400
2021-07-14,177.30999755859375,183.6300048828125,176.35000610351562,182.38999938964844,242200
2021-07-15,173.61000061035156,178.60000610351562,169.25999450683594,177.72999572753906,305200
2021-07-16,173.75999450683594,177.05999755859375,173.2100067138672,174.3000030517578,315500
2021-07-19,175.6999969482422,176.38999938964844,169.47999572753906,170.77000427246094,251400
2021-07-20,180.55999755859375,182.66000366210938,172.75,175.97000122070312,451300
2021-07-21,181.4499969482422,182.69000244140625,177.27000427246094,180.05999755859375,333800
2021-07-22,180.5500030517578,182.1300048828125,178.13999938964844,181.75999450683594,224500
2021-07-23,183.02999877929688,184.0,179.27999877929688,180.72000122070312,224200
2021-07-26,182.0399932861328,184.77999877929688,180.72999572753906,183.3000030517578,175900
2021-07-27,180.5399932861328,181.99000549316406,176.5500030517578,181.11000061035156,208100
2021-07-28,186.08999633789062,186.86000061035156,179.27000427246094,180.5399932861328,263600
2021-07-29,186.4199981689453,188.1999969482422,184.77999877929688,186.33999633789062,164400
2021-07-30,186.02000427246094,188.3699951171875,184.41000366210938,185.27999877929688,257000
2021-08-02,189.63999938964844,191.8300018310547,186.39999389648438,186.8000030517578,592300
2021-08-03,187.32000732421875,191.0,184.6199951171875,189.39999389648438,369900
2021-08-04,191.1199951171875,193.27999877929688,186.5500030517578,187.0500030517578,428800
2021-08-05,193.49000549316406,195.2899932861328,188.2899932861328,190.4199981689453,310200
2021-08-06,192.58999633789062,198.0,189.9600067138672,196.38999938964844,459800
2021-08-09,192.3699951171875,194.13999938964844,189.3300018310547,191.8300018310547,237700
2021-08-10,183.7899932861328,191.7899932861328,183.35000610351562,191.7899932861328,359800
2021-08-11,184.64999389648438,185.49000549316406,180.5,183.27999877929688,246000
2021-08-12,186.4499969482422,187.38999938964844,181.6999969482422,183.52999877929688,246600
2021-08-13,185.13999938964844,188.35000610351562,184.6699981689453,186.61000061035156,165600
2021-08-16,186.24000549316406,187.3699951171875,182.14999389648438,183.39999389648438,272100
2021-08-17,183.4499969482422,184.6300048828125,180.88999938964844,183.80999755859375,174500
2021-08-18,182.7100067138672,185.0,180.6999969482422,183.52000427246094,172100
2021-08-19,181.52000427246094,184.32000732421875,180.2899932861328,182.02999877929688,167900
2021-08-20,186.8300018310547,186.9199981689453,181.22999572753906,181.5399932861328,196300
2021-08-23,186.72999572753906,189.60000610351562,186.3300018310547,187.25999450683594,222200
2021-08-24,185.8000030517578,188.0,184.82000732421875,187.3000030517578,252300
2021-08-25,186.39999389648438,187.8800048828125,184.27999877929688,186.3000030517578,563500
2021-08-26,185.14999389648438,188.6699981689453,183.69000244140625,187.22999572753906,421800
2021-08-27,187.00999450683594,189.5,185.9499969482422,186.02000427246094,322400
2021-08-30,192.83999633789062,193.22000122070312,185.86000061035156,187.86000061035156,428400
2021-08-31,181.8699951171875,194.0,181.61000061035156,193.41000366210938,547900
2021-09-01,181.64999389648438,184.6699981689453,181.22000122070312,181.77999877929688,529300
2021-09-02,182.8699951171875,184.91000366210938,181.05999755859375,181.6199951171875,240400
2021-09-03,184.88999938964844,185.52000427246094,180.64999389648438,182.0,204500
2021-09-07,182.6699981689453,185.99000549316406,181.58999633789062,184.27000427246094,281400
2021-09-08,182.55999755859375,183.74000549316406,180.16000366210938,181.85000610351562,228400
2021-09-09,181.14999389648438,187.08999633789062,180.9499969482422,182.99000549316406,338600
2021-09-10,179.80999755859375,183.27999877929688,178.8000030517578,183.27999877929688,324400
2021-09-13,176.25,180.50999450683594,175.1300048828125,180.0,286000
2021-09-14,177.25999450683594,179.38999938964844,175.63999938964844,175.63999938964844,256800
2021-09-15,177.8300018310547,178.7100067138672,172.6699981689453,176.00999450683594,312000
2021-09-16,179.5399932861328,180.38999938964844,177.8300018310547,177.8300018310547,275900
2021-09-17,172.3800048828125,178.3000030517578,170.2899932861328,176.74000549316406,1347000
2021-09-20,172.94000244140625,173.82000732421875,168.75999450683594,169.91000366210938,444200
2021-09-21,174.64999389648438,176.74000549316406,173.8699951171875,173.8699951171875,276800
2021-09-22,175.0,176.0800018310547,173.52999877929688,175.39999389648438,228200
2021-09-23,176.72999572753906,177.5800018310547,174.16000366210938,175.8300018310547,194100
2021-09-24,179.75,180.52999877929688,175.61000061035156,175.61000061035156,233300
2021-09-27,179.02000427246094,179.72999572753906,177.67999267578125,178.89999389648438,248800
2021-09-28,177.58999633789062,178.3800048828125,172.85000610351562,177.8800048828125,727700
2021-09-29,175.13999938964844,180.1999969482422,174.6699981689453,178.72999572753906,290700
2021-09-30,175.02000427246094,179.10000610351562,174.75,176.27999877929688,362800
2021-10-01,178.77000427246094,179.32000732421875,173.5399932861328,176.44000244140625,276100
2021-10-04,166.08999633789062,177.55999755859375,164.6199951171875,177.55999755859375,531400
2021-10-05,165.27999877929688,170.0,164.64999389648438,166.9499969482422,380900
2021-10-06,166.02000427246094,166.99000549316406,161.85000610351562,164.05999755859375,258900
2021-10-07,168.94000244140625,170.25999450683594,166.5500030517578,166.7899932861328,176400
2021-10-08,164.5500030517578,169.85000610351562,164.32000732421875,169.35000610351562,158700
2021-10-11,167.5,171.3000030517578,162.75999450683594,164.27999877929688,214900
2021-10-12,171.42999267578125,173.02000427246094,168.0,168.22999572753906,141400
2021-10-13,176.6199951171875,177.3699951171875,172.6199951171875,173.1199951171875,219600
2021-10-14,179.02999877929688,180.61000061035156,177.6999969482422,178.52000427246094,223100
2021-10-15,177.94000244140625,180.50999450683594,177.72999572753906,179.77000427246094,218200
2021-10-18,181.6999969482422,182.80999755859375,176.30999755859375,177.27000427246094,194900
2021-10-19,185.27000427246094,185.86000061035156,181.0800018310547,183.02999877929688,295600
2021-10-20,179.0500030517578,187.41000366210938,178.8800048828125,186.38999938964844,300300
2021-10-21,184.60000610351562,185.42999267578125,179.3000030517578,179.3300018310547,432200
2021-10-22,182.64999389648438,186.0,179.6999969482422,185.35000610351562,276000
2021-10-25,179.8000030517578,184.86000061035156,179.6199951171875,184.86000061035156,370500
2021-10-26,180.1999969482422,183.5500030517578,179.4600067138672,182.17999267578125,318900
2021-10-27,176.3000030517578,182.0399932861328,176.08999633789062,180.61000061035156,248900
2021-10-28,174.63999938964844,177.9499969482422,173.16000366210938,175.97999572753906,312900
2021-10-29,179.9600067138672,180.5,173.77000427246094,174.2100067138672,342500
2021-11-01,180.6699981689453,182.69000244140625,178.9600067138672,180.99000549316406,359800
2021-11-02,181.60000610351562,182.25,179.36000061035156,181.72000122070312,291100
2021-11-03,184.91000366210938,185.41000366210938,181.5,182.1999969482422,282300
2021-11-04,184.5399932861328,187.8300018310547,182.9499969482422,186.10000610351562,232600
2021-11-05,182.63999938964844,188.8000030517578,181.67999267578125,186.10000610351562,351600
2021-11-08,176.64999389648438,182.61000061035156,176.0500030517578,182.5,445100
2021-11-09,176.39999389648438,180.05999755859375,175.35000610351562,176.77999877929688,386000
2021-11-10,170.25,177.27000427246094,169.36000061035156,175.00999450683594,303300
2021-11-11,168.9499969482422,171.5,168.2899932861328,171.11000061035156,293600
2021-11-12,170.41000366210938,170.80999755859375,168.22999572753906,169.52000427246094,432500
2021-11-15,167.41000366210938,173.5800018310547,167.25,172.22999572753906,750100
2021-11-16,177.7899932861328,209.0,174.77999877929688,208.83999633789062,3145200
2021-11-17,172.88999938964844,180.44000244140625,172.39999389648438,180.39999389648438,947600
2021-11-18,174.42999267578125,180.8699951171875,172.0,172.66000366210938,543600
2021-11-19,181.94000244140625,183.42999267578125,174.83999633789062,174.83999633789062,827000
2021-11-22,180.97999572753906,186.83999633789062,179.25999450683594,182.1199951171875,660300
2021-11-23,174.35000610351562,182.32000732421875,170.5399932861328,180.2899932861328,643500
2021-11-24,179.86000061035156,180.27000427246094,173.32000732421875,174.4600067138672,418300
2021-11-26,177.1999969482422,181.11000061035156,174.4600067138672,176.72000122070312,260100
2021-11-29,179.75,180.6699981689453,176.61000061035156,178.58999633789062,389300
2021-11-30,168.7899932861328,181.0800018310547,168.75,177.72999572753906,651500
2021-12-01,164.77000427246094,172.6300048828125,162.10000610351562,162.80999755859375,503700
2021-12-02,159.36000061035156,164.89999389648438,158.35000610351562,164.52999877929688,575600
2021-12-03,151.41000366210938,160.0800018310547,149.3800048828125,160.02999877929688,753000
2021-12-06,148.22000122070312,150.9600067138672,145.94000244140625,150.25,663500
2021-12-07,153.7899932861328,155.7899932861328,148.8000030517578,150.52000427246094,652100
2021-12-08,151.47000122070312,153.7899932861328,149.57000732421875,153.7899932861328,629700
2021-12-09,146.47000122070312,153.49000549316406,146.32000732421875,152.89999389648438,587200
2021-12-10,141.4499969482422,148.32000732421875,139.41000366210938,147.83999633789062,810200
2021-12-13,138.88999938964844,144.49000549316406,138.67999267578125,141.6699981689453,565100
2021-12-14,145.72999572753906,148.80999755859375,141.25999450683594,143.0500030517578,858300
2021-12-15,147.5399932861328,147.77000427246094,142.14999389648438,144.92999267578125,549600
2021-12-16,142.11000061035156,148.5500030517578,141.25999450683594,148.13999938964844,432900
2021-12-17,144.92999267578125,146.2100067138672,139.60000610351562,141.5399932861328,865700
2021-12-20,150.86000061035156,152.13999938964844,144.92999267578125,146.0,824500
2021-12-21,156.6999969482422,157.4600067138672,149.0,150.61000061035156,759300
2021-12-22,159.00999450683594,159.5399932861328,153.5800018310547,156.27000427246094,484700
2021-12-23,160.5399932861328,162.25,158.7100067138672,160.0,324700
2021-12-27,161.1199951171875,162.57000732421875,159.39999389648438,160.60000610351562,380700
2021-12-28,153.80999755859375,161.0,153.6300048828125,160.9499969482422,236300
2021-12-29,154.6999969482422,155.5500030517578,151.8000030517578,153.25,226700
2021-12-30,156.07000732421875,157.67999267578125,153.9600067138672,153.9600067138672,215400
2021-12-31,157.0,157.25,154.5800018310547,155.1699981689453,471300
2022-01-03,152.8699951171875,157.5,150.85000610351562,156.60000610351562,443500
2022-01-04,151.50999450683594,152.39999389648438,149.1300048828125,151.9600067138672,849300
2022-01-05,147.99000549316406,150.80999755859375,146.91000366210938,150.6300048828125,1573200
2022-01-06,150.13999938964844,151.58999633789062,146.0,148.22999572753906,760400
2022-01-07,145.19000244140625,151.88999938964844,144.80999755859375,150.00999450683594,766000
2022-01-10,147.50999450683594,147.74000549316406,140.6199951171875,143.6199951171875,593400
2022-01-11,149.75999450683594,150.22999572753906,145.91000366210938,147.33999633789062,339300
2022-01-12,151.02999877929688,151.82000732421875,146.4199981689453,150.67999267578125,498400
2022-01-13,143.64999389648438,152.47999572753906,143.44000244140625,151.89999389648438,385300
2022-01-14,137.1699981689453,143.1300048828125,135.14999389648438,140.6300048828125,633000
2022-01-18,132.1999969482422,137.52999877929688,132.0,137.13999938964844,487400
2022-01-19,132.5500030517578,135.3699951171875,130.8000030517578,132.4199981689453,484300
2022-01-20,133.82000732421875,137.5800018310547,133.60000610351562,133.7100067138672,393900
2022-01-21,132.9600067138672,136.49000549316406,131.36000061035156,132.97000122070312,632200
2022-01-24,135.58999633789062,135.8800048828125,124.66000366210938,130.07000732421875,848000
2022-01-25,128.07000732421875,135.58999633789062,128.00999450683594,133.0,1096000
2022-01-26,128.19000244140625,135.0,127.37000274658203,129.72000122070312,487500
2022-01-27,129.39999389648438,130.83999633789062,127.27999877929688,129.17999267578125,825100
2022-01-28,136.07000732421875,136.11000061035156,128.30999755859375,129.72000122070312,551000
2022-01-31,139.92999267578125,141.0,136.0,136.74000549316406,495400
2022-02-01,144.0,144.0399932861328,139.0399932861328,142.0500030517578,419700
2022-02-02,142.14999389648438,144.3000030517578,141.25999450683594,144.3000030517578,327300
2022-02-03,139.99000549316406,140.67999267578125,137.4199981689453,139.16000366210938,363600
2022-02-04,142.99000549316406,144.58999633789062,137.57000732421875,140.41000366210938,303700
2022-02-07,144.4600067138672,145.9199981689453,142.27000427246094,142.99000549316406,431700
2022-02-08,145.3300018310547,148.11000061035156,142.38999938964844,143.1199951171875,317000
2022-02-09,148.75,148.8699951171875,145.75999450683594,147.17999267578125,286200
2022-02-10,144.17999267578125,148.2899932861328,143.22000122070312,144.72000122070312,535400
2022-02-11,139.58999633789062,145.5,138.36000061035156,145.24000549316406,412200
2022-02-14,140.50999450683594,143.52000427246094,137.50999450683594,139.1999969482422,341400
2022-02-15,143.25,144.08999633789062,140.60000610351562,142.13999938964844,237700
2022-02-16,141.41000366210938,143.2899932861328,139.33999633789062,142.27999877929688,161600
2022-02-17,132.5800018310547,139.5399932861328,132.4600067138672,139.5399932861328,302800
2022-02-18,128.47000122070312,133.97999572753906,128.33999633789062,132.7899932861328,331800
2022-02-22,126.76000213623047,130.6300048828125,125.80999755859375,127.68000030517578,365700
2022-02-23,122.44000244140625,129.3699951171875,121.91000366210938,128.13999938964844,393400
2022-02-24,130.14999389648438,130.4499969482422,117.05000305175781,118.37999725341797,582300
2022-02-25,134.13999938964844,135.83999633789062,125.05999755859375,135.49000549316406,661500
2022-02-28,140.25,142.13999938964844,133.60000610351562,134.25,656000
2022-03-01,142.1199951171875,144.42999267578125,138.0800018310547,138.72999572753906,524900
2022-03-02,144.61000061035156,145.47000122070312,138.61000061035156,142.1699981689453,374400
2022-03-03,140.14999389648438,146.50999450683594,138.85000610351562,146.05999755859375,305900
2022-03-04,138.1300048828125,143.1699981689453,136.1699981689453,140.52000427246094,340200
2022-03-07,126.12999725341797,139.13999938964844,125.83000183105469,137.94000244140625,688600
2022-03-08,125.02999877929688,127.97000122070312,122.62999725341797,125.16000366210938,331900
2022-03-09,131.6300048828125,132.47999572753906,126.93000030517578,127.31999969482422,256800
2022-03-10,130.3300018310547,131.1300048828125,126.9000015258789,128.9600067138672,298000
2022-03-11,124.66000366210938,132.8699951171875,124.58000183105469,132.8699951171875,274400
2022-03-14,120.30000305175781,126.0,117.77999877929688,124.05999755859375,389400
2022-03-15,121.18000030517578,121.63999938964844,118.58999633789062,121.22000122070312,318100
2022-03-16,127.30000305175781,127.38999938964844,122.86000061035156,123.72000122070312,350900
2022-03-17,131.33999633789062,131.66000366210938,124.87999725341797,126.44999694824219,330300
2022-03-18,134.88999938964844,136.86000061035156,131.8300018310547,131.8300018310547,1037300
2022-03-21,134.3699951171875,135.3699951171875,131.1199951171875,133.64999389648438,287100
2022-03-22,137.6699981689453,138.3699951171875,133.50999450683594,134.32000732421875,302300
2022-03-23,134.82000732421875,137.35000610351562,133.86000061035156,136.91000366210938,360200
2022-03-24,138.14999389648438,138.83999633789062,134.0500030517578,135.9499969482422,310500
2022-03-25,132.69000244140625,139.25999450683594,132.1699981689453,139.25999450683594,294700
2022-03-28,135.11000061035156,135.6699981689453,131.36000061035156,132.32000732421875,309000
2022-03-29,138.99000549316406,140.3300018310547,136.2100067138672,136.2100067138672,466900
2022-03-30,139.0,139.3000030517578,135.25999450683594,138.80999755859375,443000
2022-03-31,137.72999572753906,139.9600067138672,137.25,139.0,491800
2022-04-01,139.30999755859375,140.0,137.3699951171875,137.69000244140625,689400
2022-04-04,140.0,142.5,139.13999938964844,140.2100067138672,517300
2022-04-05,138.92999267578125,141.83999633789062,137.86000061035156,141.1699981689453,469000
2022-04-06,131.1699981689453,136.75999450683594,130.1199951171875,136.75999450683594,340700
2022-04-07,132.7899932861328,133.57000732421875,130.1300048828125,130.1300048828125,286700
2022-04-08,127.81999969482422,133.00999450683594,127.80999755859375,132.63999938964844,284100
2022-04-11,124.4000015258789,128.00999450683594,124.31999969482422,126.4000015258789,384900
2022-04-12,125.62999725341797,128.08999633789062,124.38999938964844,126.0,385300
2022-04-13,125.2699966430664,127.47000122070312,124.01000213623047,125.62999725341797,454800
2022-04-14,123.22000122070312,125.44000244140625,122.02999877929688,125.4000015258789,285500
2022-04-18,122.33000183105469,122.5199966430664,118.01000213623047,122.13999938964844,312600
2022-04-19,130.0,130.47000122070312,121.91999816894531,122.05000305175781,379400
2022-04-20,124.63999938964844,129.4199981689453,124.43000030517578,129.36000061035156,487500
2022-04-21,120.6500015258789,128.0500030517578,120.13999938964844,126.76000213623047,404700
2022-04-22,118.0199966430664,123.51000213623047,118.01000213623047,121.3499984741211,406800
2022-04-25,120.79000091552734,121.18000030517578,115.63999938964844,117.12999725341797,338100
2022-04-26,113.33999633789062,119.91999816894531,113.33999633789062,119.61000061035156,338700
2022-04-27,113.63999938964844,115.86000061035156,112.33000183105469,113.81999969482422,294700
2022-04-28,116.05999755859375,116.27999877929688,111.37999725341797,114.9800033569336,637300
2022-04-29,112.19999694824219,118.6500015258789,111.77999877929688,115.33000183105469,238900
2022-05-02,116.26000213623047,116.66999816894531,110.73999786376953,112.3499984741211,292600
2022-05-03,114.8499984741211,118.16999816894531,114.02999877929688,116.02999877929688,225700
2022-05-04,115.54000091552734,116.76000213623047,108.47000122070312,116.16999816894531,359600
2022-05-05,99.51000213623047,116.80999755859375,96.31999969482422,116.76000213623047,922900
2022-05-06,95.98999786376953,99.0,94.80000305175781,97.5,529400
2022-05-09,87.88999938964844,93.91000366210938,87.3499984741211,93.91000366210938,1076000
2022-05-10,89.45999908447266,94.0,85.87999725341797,92.68000030517578,671200
2022-05-11,84.37000274658203,93.41999816894531,83.58000183105469,87.16000366210938,890700
2022-05-12,87.04000091552734,89.36000061035156,82.48999786376953,83.5999984741211,600700
2022-05-13,98.22000122070312,100.16000366210938,90.37000274658203,90.37000274658203,640300
2022-05-16,95.44000244140625,97.87000274658203,93.0,95.83999633789062,441700
2022-05-17,96.80000305175781,99.9800033569336,93.91000366210938,98.01000213623047,499200
2022-05-18,96.25,97.83999633789062,94.77999877929688,95.37000274658203,465000
2022-05-19,98.58000183105469,99.97000122070312,96.05999755859375,96.05999755859375,459700
2022-05-20,99.4000015258789,101.30999755859375,96.81999969482422,100.98999786376953,412600
2022-05-23,94.73999786376953,97.08000183105469,90.80999755859375,95.7699966430664,525900
2022-05-24,92.55999755859375,93.47000122070312,89.9000015258789,93.33999633789062,319700
2022-05-25,95.54000091552734,95.80999755859375,91.44999694824219,91.44999694824219,338900
2022-05-26,98.5199966430664,99.41000366210938,96.01000213623047,96.01000213623047,315200
2022-05-27,102.5199966430664,102.86000061035156,98.5,99.91000366210938,300900
2022-05-31,101.36000061035156,102.6500015258789,99.05999755859375,102.13999938964844,396900
2022-06-01,99.3499984741211,104.20999908447266,97.91000366210938,101.80000305175781,274800
2022-06-02,105.11000061035156,105.29000091552734,99.25,99.25,307500
2022-06-03,103.08999633789062,104.76000213623047,101.63999938964844,102.94000244140625,344400
2022-06-06,102.68000030517578,105.87000274658203,100.9800033569336,104.0,376100
2022-06-07,104.06999969482422,104.9800033569336,100.86000061035156,101.31999969482422,187900
2022-06-08,102.87999725341797,105.86000061035156,102.69999694824219,103.98999786376953,197000
2022-06-09,101.04000091552734,103.33000183105469,100.01000213623047,102.6500015258789,288300
2022-06-10,96.51000213623047,99.4800033569336,95.22000122070312,98.19999694824219,313800
2022-06-13,89.80999755859375,93.48999786376953,88.9000015258789,92.37999725341797,509800
2022-06-14,87.51000213623047,90.44999694824219,86.20999908447266,90.08999633789062,555000
2022-06-15,90.87999725341797,92.0999984741211,88.29000091552734,89.16999816894531,649400
2022-06-16,85.12000274658203,89.26000213623047,83.79000091552734,88.06999969482422,625100
2022-06-17,87.61000061035156,89.16999816894531,86.04000091552734,86.16000366210938,1249500
2022-06-21,84.44000244140625,90.1500015258789,84.08000183105469,88.37999725341797,760600
2022-06-22,86.36000061035156,87.88999938964844,83.01000213623047,83.7699966430664,479500
2022-06-23,91.02999877929688,91.38999938964844,86.33000183105469,86.97000122070312,473900
2022-06-24,96.16000366210938,96.58999633789062,92.0,92.13999938964844,803700
2022-06-27,96.79000091552734,97.12999725341797,93.69000244140625,96.6500015258789,451500
2022-06-28,95.0,98.9800033569336,94.58000183105469,97.41000366210938,370800
2022-06-29,95.63999938964844,96.22000122070312,92.25,95.44000244140625,333100
2022-06-30,93.16999816894531,95.36000061035156,90.66999816894531,94.16999816894531,306100
2022-07-01,93.2300033569336,94.54000091552734,91.37000274658203,93.72000122070312,279000
2022-07-05,95.6500015258789,95.7300033569336,89.76000213623047,92.62999725341797,355800
2022-07-06,94.02999877929688,96.79000091552734,92.0,96.25,279200
2022-07-07,97.9000015258789,98.69000244140625,93.98999786376953,93.98999786376953,271700
2022-07-08,96.8499984741211,97.91999816894531,94.44000244140625,95.9800033569336,214600
2022-07-11,93.62000274658203,96.44999694824219,92.66000366210938,96.44999694824219,235100
2022-07-12,92.48999786376953,95.70999908447266,91.4800033569336,94.5199966430664,287900
2022-07-13,92.56999969482422,94.16999816894531,90.30000305175781,91.61000061035156,209800
2022-07-14,91.26000213623047,91.98999786376953,88.61000061035156,91.1500015258789,207200
2022-07-15,94.6500015258789,94.98999786376953,91.8499984741211,92.54000091552734,225700
2022-07-18,95.05000305175781,97.70999908447266,94.86000061035156,95.56999969482422,338600
2022-07-19,97.62999725341797,98.44999694824219,95.93000030517578,96.62999725341797,296200
2022-07-20,103.4800033569336,103.9800033569336,97.83999633789062,98.62000274658203,313900
2022-07-21,104.47000122070312,105.62999725341797,103.30000305175781,103.54000091552734,227000
2022-07-22,102.12000274658203,105.20999908447266,101.22000122070312,105.13999938964844,185700
2022-07-25,101.4000015258789,102.4000015258789,99.75,102.12000274658203,252100
2022-07-26,98.83999633789062,100.88999938964844,97.86000061035156,100.88999938964844,263800
2022-07-27,104.41000366210938,104.72000122070312,99.5199966430664,100.43000030517578,276900
2022-07-28,107.91999816894531,108.41000366210938,104.54000091552734,104.54000091552734,275000
2022-07-29,110.19000244140625,111.12999725341797,106.11000061035156,107.33000183105469,389400
2022-08-01,111.0,112.2699966430664,107.5,109.37999725341797,312500
2022-08-02,113.01000213623047,113.93000030517578,109.62999725341797,109.62999725341797,268600
2022-08-03,116.66999816894531,116.94999694824219,113.58000183105469,114.33999633789062,226800
2022-08-04,116.5999984741211,117.98999786376953,114.31999969482422,117.05999755859375,226300
2022-08-05,116.29000091552734,117.47000122070312,114.0999984741211,114.9800033569336,258400
2022-08-08,116.2300033569336,120.61000061035156,115.77999877929688,117.88999938964844,316000
2022-08-09,111.62000274658203,114.95999908447266,111.0199966430664,114.22000122070312,380100
2022-08-10,126.06999969482422,129.47999572753906,119.3499984741211,119.43000030517578,803600
2022-08-11,124.0999984741211,127.4000015258789,123.30999755859375,126.48999786376953,348500
2022-08-12,129.49000549316406,129.55999755859375,123.1500015258789,124.0,477100
2022-08-15,131.9199981689453,132.7100067138672,127.4800033569336,127.4800033569336,322800
2022-08-16,133.22999572753906,133.25999450683594,129.0399932861328,130.64999389648438,330200
2022-08-17,130.57000732421875,132.41000366210938,129.02000427246094,131.0399932861328,250100
2022-08-18,132.13999938964844,132.17999267578125,130.25999450683594,131.61000061035156,318900
2022-08-19,130.6999969482422,131.36000061035156,129.49000549316406,130.7899932861328,405600
2022-08-22,128.13999938964844,129.72000122070312,126.19999694824219,127.58999633789062,631300
2022-08-23,121.86000061035156,129.16000366210938,121.80999755859375,128.1199951171875,329700
2022-08-24,123.37999725341797,125.25,121.76000213623047,121.80999755859375,231100
2022-08-25,127.66000366210938,127.76000213623047,123.86000061035156,124.18000030517578,225200
2022-08-26,122.23999786376953,127.69999694824219,122.0199966430664,127.69999694824219,266000
2022-08-29,120.62000274658203,122.0199966430664,118.55000305175781,120.37999725341797,252700
2022-08-30,117.70999908447266,124.20999908447266,117.01000213623047,121.33000183105469,239800
2022-08-31,116.68000030517578,120.13999938964844,115.62999725341797,118.44000244140625,270900
2022-09-01,115.0,115.83000183105469,111.93000030517578,115.12999725341797,295900
2022-09-02,115.77999877929688,116.97000122070312,113.41999816894531,116.75,569300
2022-09-06,117.70999908447266,117.87999725341797,114.58000183105469,115.44000244140625,478700
2022-09-07,123.7300033569336,124.16999816894531,117.27999877929688,117.80000305175781,357100
2022-09-08,122.7300033569336,124.5,121.61000061035156,122.1500015258789,229800
2022-09-09,124.19000244140625,125.12000274658203,123.05999755859375,123.05999755859375,230100
2022-09-12,124.80000305175781,125.4000015258789,122.62000274658203,124.98999786376953,332300
2022-09-13,118.72000122070312,120.41999816894531,117.9000015258789,119.80000305175781,293200
2022-09-14,120.01000213623047,120.20999908447266,116.01000213623047,118.9800033569336,314800
2022-09-15,120.16999816894531,122.58999633789062,118.5,120.25,287300
2022-09-16,118.33999633789062,119.43000030517578,115.58999633789062,118.0999984741211,1338500
2022-09-19,117.95999908447266,119.88999938964844,115.69000244140625,118.04000091552734,271800
2022-09-20,117.08999633789062,117.91999816894531,114.19999694824219,116.69999694824219,292100
2022-09-21,116.19000244140625,120.52999877929688,116.12999725341797,118.19999694824219,452100
2022-09-22,111.94999694824219,115.19999694824219,110.88999938964844,115.19999694824219,477300
2022-09-23,113.45999908447266,113.76000213623047,109.30999755859375,110.0,434000
2022-09-26,110.6500015258789,114.87999725341797,110.01000213623047,112.41999816894531,375200
2022-09-27,113.23999786376953,113.91999816894531,109.47000122070312,111.88999938964844,418200
2022-09-28,115.69000244140625,116.05999755859375,113.31999969482422,113.94000244140625,261700
2022-09-29,114.16000366210938,114.69999694824219,111.33000183105469,113.75,372300
2022-09-30,115.75,118.69000244140625,113.91999816894531,113.91999816894531,447200
2022-10-03,115.97000122070312,116.98999786376953,112.54000091552734,116.08999633789062,287300
2022-10-04,120.94999694824219,121.69999694824219,119.26000213623047,119.44999694824219,322300
2022-10-05,123.29000091552734,124.2300033569336,118.55999755859375,119.16999816894531,557400
2022-10-06,126.44000244140625,128.7899932861328,123.56999969482422,123.56999969482422,470300
2022-10-07,123.75,124.55000305175781,121.62999725341797,123.94000244140625,404000
2022-10-10,126.16000366210938,128.08999633789062,121.52999877929688,124.12999725341797,564900
2022-10-11,121.3499984741211,127.83000183105469,120.18000030517578,125.79000091552734,523500
2022-10-12,120.58000183105469,122.44999694824219,119.66999816894531,121.3499984741211,269400
2022-10-13,120.91999816894531,122.04000091552734,115.02999877929688,118.01000213623047,365300
2022-10-14,119.44999694824219,122.9800033569336,117.3499984741211,122.41000366210938,402100
2022-10-17,124.7300033569336,125.7699966430664,121.88999938964844,121.88999938964844,302900
2022-10-18,128.16000366210938,129.9199981689453,126.22000122070312,128.2899932861328,471100
2022-10-19,124.3499984741211,128.2899932861328,121.77999877929688,127.95999908447266,611400
2022-10-20,126.61000061035156,128.3699951171875,123.16999816894531,123.19000244140625,346000
2022-10-21,130.60000610351562,130.77999877929688,124.11000061035156,126.5999984741211,354400
2022-10-24,137.8699951171875,139.19000244140625,129.5,130.9600067138672,810100
2022-10-25,137.1199951171875,139.82000732421875,134.47999572753906,138.05999755859375,629600
2022-10-26,137.02999877929688,141.13999938964844,135.02000427246094,135.91000366210938,531100
2022-10-27,139.99000549316406,140.6199951171875,136.52999877929688,137.94000244140625,395200
2022-10-28,142.07000732421875,142.17999267578125,138.61000061035156,140.27000427246094,372400
2022-10-31,145.44000244140625,145.5,140.63999938964844,142.1699981689453,556300
2022-11-01,147.58999633789062,148.67999267578125,145.42999267578125,147.1699981689453,631600
2022-11-02,145.22000122070312,149.64999389648438,144.82000732421875,146.61000061035156,842400
2022-11-03,147.39999389648438,148.55999755859375,142.4600067138672,142.67999267578125,795700
2022-11-04,148.66000366210938,149.82000732421875,143.67999267578125,149.7100067138672,535800
2022-11-07,148.44000244140625,149.2899932861328,145.5,149.2899932861328,554400
2022-11-08,150.0,150.00999450683594,144.82000732421875,149.0,718800
2022-11-09,171.83999633789062,177.8800048828125,161.6999969482422,162.0,1628000
2022-11-10,182.75,184.75,175.0,177.0,871700
2022-11-11,182.94000244140625,188.74000549316406,178.0,178.1699981689453,842500
2022-11-14,180.88999938964844,185.25,177.61000061035156,180.52999877929688,654800
2022-11-15,187.9600067138672,188.19000244140625,180.61000061035156,180.72000122070312,725400
2022-11-16,191.0399932861328,191.38999938964844,180.72999572753906,187.11000061035156,645500
2022-11-17,192.13999938964844,192.24000549316406,186.14999389648438,189.10000610351562,539800
2022-11-18,185.22000122070312,193.85000610351562,183.94000244140625,193.85000610351562,853800
2022-11-21,186.9499969482422,188.97999572753906,182.11000061035156,184.7100067138672,353400
2022-11-22,187.30999755859375,188.0,184.02999877929688,187.05999755859375,409800
2022-11-23,187.75,189.85000610351562,186.8000030517578,188.66000366210938,412800
2022-11-25,187.9199981689453,188.27999877929688,185.86000061035156,187.3699951171875,266000
2022-11-28,183.94000244140625,188.6699981689453,183.64999389648438,187.0,365000
2022-11-29,181.25999450683594,185.2100067138672,181.0800018310547,184.22000122070312,428200
2022-11-30,184.02999877929688,185.14999389648438,180.58999633789062,181.27999877929688,836600
2022-12-01,185.5500030517578,186.94000244140625,176.3800048828125,177.9499969482422,772700
2022-12-02,188.8300018310547,190.47999572753906,181.57000732421875,183.24000549316406,449400
2022-12-05,184.00999450683594,188.30999755859375,183.19000244140625,186.38999938964844,423100
2022-12-06,169.42999267578125,176.89999389648438,168.69000244140625,176.89999389648438,1060600
2022-12-07,170.16000366210938,171.83999633789062,168.3000030517578,170.41000366210938,1164700
2022-12-08,171.7100067138672,175.0,169.8300018310547,171.77999877929688,536100
2022-12-09,168.61000061035156,172.72999572753906,168.3800048828125,171.6199951171875,399200
2022-12-12,168.58999633789062,171.22000122070312,168.44000244140625,170.25999450683594,394700
2022-12-13,170.80999755859375,175.49000549316406,169.25,175.2899932861328,596100
2022-12-14,173.52000427246094,175.74000549316406,170.07000732421875,171.4499969482422,412300
2022-12-15,171.05999755859375,172.8300018310547,169.7899932861328,172.1999969482422,393200
2022-12-16,169.33999633789062,171.9600067138672,168.2899932861328,169.72999572753906,709700
2022-12-19,167.57000732421875,171.4199981689453,166.64999389648438,168.9600067138672,471000
2022-12-20,171.3699951171875,171.8699951171875,166.61000061035156,167.1999969482422,579000
2022-12-21,174.72000122070312,175.64999389648438,171.86000061035156,172.6300048828125,500100
2022-12-22,167.82000732421875,173.11000061035156,165.6300048828125,172.63999938964844,370300
2022-12-23,168.97999572753906,171.24000549316406,165.5,168.1999969482422,306600
2022-12-27,166.25,172.47999572753906,166.22999572753906,168.72999572753906,291200
2022-12-28,165.10000610351562,167.80999755859375,164.25,165.8699951171875,290300
2022-12-29,165.5800018310547,168.1999969482422,165.16000366210938,166.49000549316406,296200
2022-12-30,165.92999267578125,166.7100067138672,162.38999938964844,163.8699951171875,341500
2023-01-03,168.24000549316406,168.9199981689453,164.6699981689453,167.8800048828125,441500
2023-01-04,168.75999450683594,171.1300048828125,166.64999389648438,168.24000549316406,438100
2023-01-05,165.74000549316406,170.66000366210938,165.72000122070312,166.97000122070312,537100
2023-01-06,170.89999389648438,171.52000427246094,166.13999938964844,166.47000122070312,372900
2023-01-09,177.4499969482422,178.8699951171875,171.9600067138672,171.9600067138672,740700
2023-01-10,179.3300018310547,181.19000244140625,176.99000549316406,177.77000427246094,489500
2023-01-11,181.42999267578125,183.25,178.02000427246094,180.8699951171875,637900
2023-01-12,184.0800018310547,184.64999389648438,179.00999450683594,181.44000244140625,519200
2023-01-13,188.1300048828125,189.6199951171875,182.1300048828125,182.69000244140625,774900
2023-01-17,184.47000122070312,189.13999938964844,184.27000427246094,188.30999755859375,582100
2023-01-18,182.27000427246094,188.75999450683594,181.66000366210938,186.3300018310547,559100
2023-01-19,184.05999755859375,185.5,181.52000427246094,181.52000427246094,567000
2023-01-20,185.02000427246094,186.5,182.72000122070312,186.0800018310547,585200
2023-01-23,188.9499969482422,194.8000030517578,185.9199981689453,187.22000122070312,1460300
2023-01-24,188.9600067138672,189.83999633789062,184.5,188.1300048828125,577800
2023-01-25,192.17999267578125,193.17999267578125,184.0399932861328,188.33999633789062,556000
2023-01-26,192.3300018310547,194.72999572753906,186.72000122070312,193.91000366210938,718400
2023-01-27,191.61000061035156,193.69000244140625,188.72000122070312,192.2899932861328,880900
2023-01-30,191.4600067138672,198.39999389648438,189.75,191.27000427246094,812600
2023-01-31,195.44000244140625,195.63999938964844,191.8000030517578,191.8000030517578,790200
2023-02-01,198.38999938964844,199.44000244140625,192.7100067138672,197.16000366210938,511400
2023-02-02,198.5399932861328,204.99000549316406,196.41000366210938,200.0,681300
2023-02-03,198.19000244140625,202.44000244140625,195.6999969482422,196.1999969482422,461400
2023-02-06,195.9499969482422,200.69000244140625,194.5800018310547,197.36000061035156,558500
2023-02-07,188.5800018310547,194.75999450683594,168.3000030517578,194.75999450683594,2400500
2023-02-08,185.0,189.57000732421875,184.74000549316406,186.7899932861328,1162000
2023-02-09,183.80999755859375,191.22000122070312,183.4499969482422,187.0,810500
2023-02-10,184.5500030517578,187.8300018310547,180.97000122070312,181.02999877929688,630200
2023-02-13,190.32000732421875,190.4499969482422,183.66000366210938,186.8800048828125,562900
2023-02-14,193.89999389648438,194.30999755859375,188.42999267578125,189.60000610351562,426100
2023-02-15,198.99000549316406,199.3000030517578,192.91000366210938,194.7899932861328,395500
2023-02-16,196.0500030517578,200.97000122070312,195.91000366210938,197.35000610351562,405200
2023-02-17,189.25999450683594,193.55999755859375,186.50999450683594,192.86000061035156,836700
2023-02-21,189.77000427246094,191.77999877929688,187.63999938964844,188.8699951171875,527100
2023-02-22,193.58999633789062,194.8699951171875,190.41000366210938,191.13999938964844,459700
2023-02-23,195.0399932861328,196.5500030517578,192.52000427246094,195.52999877929688,664000
2023-02-24,193.5500030517578,196.74000549316406,191.50999450683594,192.25999450683594,605800
2023-02-27,194.97000122070312,199.52999877929688,194.1300048828125,194.44000244140625,815500
2023-02-28,200.30999755859375,201.6699981689453,194.3699951171875,194.52000427246094,4875300
2023-03-01,221.05999755859375,221.30999755859375,202.85000610351562,208.74000549316406,2166900
2023-03-02,218.30999755859375,219.69000244140625,212.1999969482422,215.0,1050800
2023-03-03,220.9499969482422,224.0,212.52000427246094,212.52000427246094,922500
2023-03-06,221.3800048828125,223.80999755859375,216.1199951171875,217.58999633789062,804200
2023-03-07,222.24000549316406,224.49000549316406,219.74000549316406,222.1199951171875,720300
2023-03-08,221.8000030517578,226.0,220.57000732421875,226.0,820700
2023-03-09,217.88999938964844,222.0,217.8800048828125,221.33999633789062,746200
2023-03-10,213.0,218.47000122070312,212.74000549316406,218.47000122070312,598400
2023-03-13,211.0,214.77999877929688,207.0,209.55999755859375,714100
2023-03-14,215.0,216.17999267578125,212.13999938964844,214.77000427246094,930900
2023-03-15,211.2100067138672,213.39999389648438,207.3000030517578,212.5399932861328,610200
2023-03-16,216.97999572753906,217.1199951171875,208.97000122070312,210.3000030517578,438500
2023-03-17,213.1199951171875,216.5800018310547,210.9600067138672,215.36000061035156,941600
2023-03-20,213.72000122070312,215.4499969482422,212.02000427246094,214.14999389648438,699400
2023-03-21,219.67999267578125,221.69000244140625,217.5,218.60000610351562,611700
2023-03-22,213.50999450683594,218.94000244140625,213.22000122070312,218.75,422800
2023-03-23,215.72000122070312,217.66000366210938,211.2899932861328,215.3000030517578,505200
2023-03-24,216.5800018310547,216.99000549316406,212.3800048828125,213.55999755859375,296000
2023-03-27,218.58999633789062,220.8000030517578,215.72000122070312,218.75,469600
2023-03-28,215.60000610351562,218.99000549316406,214.77999877929688,217.6199951171875,448000
2023-03-29,216.8300018310547,219.07000732421875,215.82000732421875,217.86000061035156,835400
2023-03-30,217.6999969482422,219.38999938964844,216.25,219.3000030517578,572600
2023-03-31,224.85000610351562,227.55999755859375,218.41000366210938,219.63999938964844,1411200
2023-04-03,227.38999938964844,227.49000549316406,221.99000549316406,223.97999572753906,537100
2023-04-04,223.0,229.0,221.1999969482422,227.89999389648438,466200
2023-04-05,217.2899932861328,223.0,213.72999572753906,221.1999969482422,682700
2023-04-06,219.7100067138672,219.77000427246094,215.6999969482422,217.0,507700
2023-04-10,222.6300048828125,222.77999877929688,217.5500030517578,218.6699981689453,395600
2023-04-11,224.00999450683594,226.3800048828125,222.13999938964844,224.66000366210938,637200
2023-04-12,222.22000122070312,226.5,221.50999450683594,225.0,550800
2023-04-13,223.30999755859375,225.0800018310547,220.8000030517578,224.4600067138672,843400
2023-04-14,223.91000366210938,224.72000122070312,221.41000366210938,222.35000610351562,764500
2023-04-17,225.57000732421875,228.7899932861328,224.52999877929688,225.0,485500
2023-04-18,227.52999877929688,228.60000610351562,225.25,225.9600067138672,503500
2023-04-19,226.33999633789062,227.5,224.0,225.85000610351562,1370900
2023-04-20,224.47000122070312,228.00999450683594,223.30999755859375,224.36000061035156,588200
2023-04-21,225.02000427246094,227.27000427246094,223.30999755859375,224.61000061035156,513200
2023-04-24,224.5,226.80999755859375,222.3800048828125,224.66000366210938,614900
2023-04-25,220.85000610351562,224.5,220.35000610351562,223.88999938964844,529000
2023-04-26,216.1300048828125,221.02000427246094,216.08999633789062,220.0,508000
2023-04-27,215.5500030517578,217.47999572753906,212.55999755859375,216.75999450683594,675300
2023-04-28,210.7100067138672,214.33999633789062,207.72000122070312,213.82000732421875,660400
2023-05-01,216.0,216.35000610351562,210.3000030517578,211.3300018310547,1026200
2023-05-02,220.22000122070312,220.5800018310547,214.00999450683594,216.5800018310547,1187700
2023-05-03,220.8800048828125,229.9499969482422,220.16000366210938,220.8300018310547,17765900
2023-05-04,219.10000610351562,222.32000732421875,216.0,219.5,1007400
2023-05-05,219.91000366210938,220.57000732421875,214.0,218.4600067138672,796600
2023-05-08,221.86000061035156,222.66000366210938,219.72999572753906,219.91000366210938,685400
2023-05-09,226.8800048828125,228.41000366210938,221.5,222.0800018310547,1135900
2023-05-10,192.72999572753906,224.11000061035156,186.32000732421875,222.72999572753906,3724200
2023-05-11,204.60000610351562,204.89999389648438,197.0,197.83999633789062,1816900
2023-05-12,201.5,207.14999389648438,200.17999267578125,205.1199951171875,889400
2023-05-15,203.47000122070312,205.3000030517578,198.5,200.1999969482422,781600
2023-05-16,201.2100067138672,204.99000549316406,201.1300048828125,203.25,639700
2023-05-17,197.67999267578125,202.92999267578125,196.75,201.92999267578125,830700
2023-05-18,201.6999969482422,202.0,199.49000549316406,201.49000549316406,1137500
2023-05-19,196.86000061035156,203.14999389648438,196.2100067138672,201.88999938964844,1060200
2023-05-22,201.75,203.1999969482422,196.25999450683594,197.5800018310547,859800
2023-05-23,195.8000030517578,204.22999572753906,193.91000366210938,200.00999450683594,784700
2023-05-24,192.80999755859375,195.99000549316406,191.8000030517578,194.4199981689453,693400
2023-05-25,193.9600067138672,194.52000427246094,189.6300048828125,193.49000549316406,816300
2023-05-26,194.9499969482422,197.64999389648438,194.1300048828125,195.0,708200
2023-05-30,193.16000366210938,197.49000549316406,191.89999389648438,196.0,717200
2023-05-31,192.91000366210938,193.39999389648438,189.89999389648438,192.47000122070312,3270500
2023-06-01,192.13999938964844,195.3800048828125,190.50999450683594,191.58999633789062,1317900
2023-06-02,193.25,194.7899932861328,190.80999755859375,193.33999633789062,791600
2023-06-05,191.86000061035156,193.52999877929688,190.2100067138672,192.86000061035156,695800
2023-06-06,194.8800048828125,195.9600067138672,191.17999267578125,191.8800048828125,606900
2023-06-07,197.8800048828125,199.83999633789062,193.39999389648438,194.8800048828125,966700
2023-06-08,194.74000549316406,199.0,194.50999450683594,196.52000427246094,495000
2023-06-09,194.82000732421875,197.0,194.08999633789062,195.5399932861328,425500
2023-06-12,196.85000610351562,198.0500030517578,194.49000549316406,195.89999389648438,547400
2023-06-13,196.66000366210938,198.3800048828125,195.1999969482422,196.85000610351562,658000
2023-06-14,197.80999755859375,198.7100067138672,195.0,195.8300018310547,969600
2023-06-15,202.08999633789062,203.3800048828125,196.8800048828125,196.8800048828125,733000
2023-06-16,202.36000061035156,206.3300018310547,199.9600067138672,203.6300048828125,3200200
2023-06-20,204.77000427246094,205.39999389648438,199.2899932861328,201.5,1125800
2023-06-21,197.5399932861328,205.64999389648438,197.25,205.64999389648438,582200
2023-06-22,196.9199981689453,198.58999633789062,194.33999633789062,197.0,511200
2023-06-23,188.7100067138672,194.6999969482422,188.64999389648438,194.6699981689453,1318500
2023-06-26,189.6300048828125,190.14999389648438,186.8800048828125,188.8800048828125,868300
2023-06-27,195.3800048828125,195.74000549316406,191.1300048828125,191.1300048828125,454300
2023-06-28,194.58999633789062,196.41000366210938,193.6699981689453,195.75999450683594,515700
2023-06-29,195.8300018310547,197.35000610351562,193.22999572753906,194.85000610351562,490300
2023-06-30,195.1199951171875,196.88999938964844,194.6199951171875,196.5800018310547,509700
2023-07-03,194.5800018310547,194.92999267578125,189.8800048828125,194.30999755859375,379400
2023-07-05,193.61000061035156,195.7899932861328,192.4499969482422,193.30999755859375,487700
2023-07-06,188.82000732421875,193.00999450683594,188.10000610351562,192.41000366210938,490100
2023-07-07,188.10000610351562,190.86000061035156,186.69000244140625,189.58999633789062,636400
2023-07-10,195.36000061035156,195.4199981689453,188.86000061035156,189.02999877929688,556600
2023-07-11,195.5800018310547,196.88999938964844,193.8699951171875,195.35000610351562,527800
2023-07-12,195.8800048828125,197.3699951171875,192.47000122070312,197.3699951171875,428500
2023-07-13,194.02999877929688,197.4199981689453,193.52999877929688,196.50999450683594,434000
2023-07-14,192.24000549316406,193.97000122070312,190.9199981689453,192.75999450683594,344700
2023-07-17,196.16000366210938,196.9199981689453,191.8000030517578,192.22999572753906,314500
2023-07-18,192.25,196.66000366210938,191.9499969482422,195.77999877929688,647100
2023-07-19,189.52999877929688,193.91000366210938,187.7100067138672,192.27000427246094,889200
2023-07-20,184.02999877929688,190.07000732421875,183.16000366210938,189.5399932861328,620000
2023-07-21,179.9600067138672,185.3000030517578,179.61000061035156,184.9499969482422,1135900
2023-07-24,178.3000030517578,181.33999633789062,177.13999938964844,179.5399932861328,1155400
2023-07-25,180.02999877929688,180.41000366210938,176.0800018310547,176.83999633789062,741200
2023-07-26,180.0399932861328,180.77000427246094,176.30999755859375,179.36000061035156,628300
2023-07-27,182.08999633789062,185.5500030517578,180.47000122070312,181.24000549316406,909300
2023-07-28,182.63999938964844,186.36000061035156,182.47000122070312,184.1199951171875,648000
2023-07-31,185.92999267578125,186.14999389648438,182.91000366210938,183.14999389648438,580900
2023-08-01,183.3300018310547,186.0500030517578,183.25999450683594,184.4499969482422,425300
2023-08-02,178.02000427246094,182.30999755859375,177.91000366210938,181.94000244140625,558100
2023-08-03,177.10000610351562,178.82000732421875,175.3699951171875,177.00999450683594,457700
2023-08-04,180.86000061035156,182.9199981689453,178.3800048828125,178.49000549316406,1002200
2023-08-07,179.6699981689453,182.5800018310547,178.88999938964844,181.89999389648438,574800
2023-08-08,175.72999572753906,180.0800018310547,175.58999633789062,179.22000122070312,806500
2023-08-09,200.44000244140625,207.86000061035156,196.49000549316406,198.1199951171875,2983400
2023-08-10,204.1199951171875,208.9199981689453,202.35000610351562,203.80999755859375,1232800
2023-08-11,211.22999572753906,211.88999938964844,202.32000732421875,203.17999267578125,1428500
2023-08-14,206.6199951171875,211.64999389648438,206.05999755859375,209.58999633789062,802200
2023-08-15,203.0500030517578,207.36000061035156,202.58999633789062,206.6199951171875,683300
2023-08-16,200.77999877929688,202.16000366210938,198.1999969482422,201.8699951171875,512600
2023-08-17,195.38999938964844,200.4199981689453,195.0,200.4199981689453,540500
2023-08-18,200.10000610351562,200.72000122070312,192.8699951171875,193.11000061035156,737900
2023-08-21,196.94000244140625,201.07000732421875,195.6699981689453,199.55999755859375,432400
2023-08-22,198.9600067138672,199.5399932861328,196.0,196.86000061035156,300800
2023-08-23,200.3000030517578,200.58999633789062,197.63999938964844,199.4499969482422,403200
2023-08-24,196.00999450683594,204.17999267578125,195.86000061035156,200.44000244140625,748000
2023-08-25,198.42999267578125,198.6199951171875,193.30999755859375,195.72999572753906,412200
2023-08-28,200.7100067138672,203.36000061035156,199.72999572753906,199.72999572753906,435500
2023-08-29,205.13999938964844,206.2899932861328,199.27000427246094,200.11000061035156,302400
2023-08-30,211.10000610351562,211.58999633789062,204.8000030517578,204.8000030517578,541300
2023-08-31,212.91000366210938,215.27999877929688,211.85000610351562,212.0,862000
2023-09-01,215.38999938964844,215.47999572753906,212.3800048828125,213.61000061035156,343300
2023-09-05,212.25,214.89999389648438,208.14999389648438,214.5,697700
2023-09-06,213.5,215.44000244140625,211.7100067138672,212.61000061035156,330300
2023-09-07,216.05999755859375,216.80999755859375,210.42999267578125,213.41000366210938,459200
2023-09-08,214.7100067138672,217.61000061035156,214.11000061035156,215.33999633789062,359500
2023-09-11,213.19000244140625,215.0,210.80999755859375,214.47000122070312,326300
2023-09-12,211.92999267578125,213.1300048828125,210.25999450683594,210.8300018310547,375500
2023-09-13,209.86000061035156,211.88999938964844,208.0500030517578,211.0,378700
2023-09-14,212.50999450683594,213.50999450683594,209.32000732421875,209.9499969482422,398700
2023-09-15,206.2100067138672,211.67999267578125,204.9499969482422,211.3800048828125,820100
2023-09-18,208.17999267578125,211.19000244140625,203.00999450683594,204.60000610351562,497200
2023-09-19,203.8000030517578,207.22999572753906,201.24000549316406,207.22999572753906,478800
2023-09-20,203.35000610351562,206.32000732421875,203.19000244140625,205.33999633789062,458300
2023-09-21,196.1300048828125,201.7100067138672,196.00999450683594,201.02999877929688,598300
2023-09-22,195.4199981689453,197.57000732421875,194.5,196.8800048828125,369200
2023-09-25,193.24000549316406,195.35000610351562,192.5,193.9499969482422,373600
2023-09-26,189.61000061035156,192.1999969482422,189.1199951171875,190.63999938964844,444700
2023-09-27,194.64999389648438,195.7100067138672,190.69000244140625,190.85000610351562,617800
2023-09-28,196.0800018310547,196.5500030517578,191.60000610351562,193.41000366210938,354200
2023-09-29,198.99000549316406,201.5399932861328,197.5800018310547,197.86000061035156,634300
2023-10-02,196.14999389648438,199.10000610351562,195.0500030517578,197.2899932861328,428500
2023-10-03,192.05999755859375,196.05999755859375,190.82000732421875,195.38999938964844,266600
2023-10-04,194.61000061035156,194.89999389648438,190.00999450683594,192.02999877929688,335100
2023-10-05,196.11000061035156,196.5500030517578,192.7899932861328,194.80999755859375,300900
2023-10-06,199.6999969482422,201.4499969482422,192.6300048828125,193.1199951171875,370200
2023-10-09,208.80999755859375,209.94000244140625,200.99000549316406,202.1999969482422,532000
2023-10-10,215.2899932861328,216.30999755859375,209.61000061035156,210.0,591500
2023-10-11,220.0,220.7100067138672,216.0,216.63999938964844,728500
2023-10-12,215.41000366210938,220.67999267578125,214.19000244140625,220.67999267578125,424900
2023-10-13,215.42999267578125,217.8800048828125,214.27999877929688,216.6300048828125,410200
2023-10-16,220.0500030517578,220.4600067138672,216.67999267578125,217.1999969482422,307000
2023-10-17,222.5399932861328,223.3000030517578,218.0500030517578,218.52999877929688,568900
2023-10-18,219.52999877929688,223.1199951171875,219.41000366210938,222.0,327100
2023-10-19,212.30999755859375,218.8800048828125,210.66000366210938,218.8800048828125,365600
2023-10-20,210.86000061035156,212.92999267578125,207.1999969482422,212.92999267578125,354100
2023-10-23,210.0800018310547,212.67999267578125,208.0500030517578,209.97999572753906,213500
2023-10-24,213.3300018310547,215.1699981689453,212.2100067138672,212.8000030517578,283900
2023-10-25,207.8699951171875,212.5800018310547,206.6300048828125,212.5800018310547,278000
2023-10-26,204.57000732421875,210.02000427246094,204.32000732421875,207.8699951171875,386300
2023-10-27,200.75999450683594,205.88999938964844,199.2899932861328,204.67999267578125,422800
2023-10-30,201.72999572753906,203.9199981689453,200.5500030517578,203.58999633789062,303300
2023-10-31,204.49000549316406,205.6199951171875,199.5,202.32000732421875,350900
2023-11-01,207.14999389648438,208.19000244140625,203.16000366210938,204.9499969482422,344800
2023-11-02,210.27000427246094,212.5800018310547,209.02999877929688,209.77000427246094,406400
2023-11-03,217.25,219.36000061035156,211.97000122070312,211.97000122070312,574100
2023-11-06,216.86000061035156,220.22000122070312,214.8300018310547,219.38999938964844,433700
2023-11-07,216.3699951171875,219.02000427246094,214.6999969482422,216.9199981689453,908700
2023-11-08,229.5800018310547,231.7100067138672,219.07000732421875,224.5,1603200
2023-11-09,215.6999969482422,230.66000366210938,212.88999938964844,230.22999572753906,811700
2023-11-10,217.94000244140625,220.0,215.44000244140625,216.16000366210938,830400
2023-11-13,218.66000366210938,219.75,216.72999572753906,218.27000427246094,380700
2023-11-14,221.5800018310547,223.57000732421875,220.50999450683594,221.36000061035156,586700
2023-11-15,221.0800018310547,225.3800048828125,220.77000427246094,222.0,535000
2023-11-16,222.75999450683594,223.80999755859375,220.77999877929688,222.0500030517578,322300
2023-11-17,223.47999572753906,224.9499969482422,222.27999877929688,224.9499969482422,458600
2023-11-20,226.22000122070312,227.35000610351562,224.16000366210938,224.3699951171875,287600
2023-11-21,228.4199981689453,230.39999389648438,226.0,226.0,408500
2023-11-22,226.8699951171875,230.82000732421875,226.7899932861328,228.42999267578125,233300
2023-11-24,228.4199981689453,228.72000122070312,227.13999938964844,227.13999938964844,101600
2023-11-27,228.16000366210938,230.05999755859375,227.0,227.36000061035156,311700
2023-11-28,227.07000732421875,230.3800048828125,226.49000549316406,228.39999389648438,227400
2023-11-29,225.86000061035156,230.02000427246094,225.1199951171875,228.8300018310547,248800
2023-11-30,229.8699951171875,230.3300018310547,224.27999877929688,226.41000366210938,721800
2023-12-01,231.50999450683594,233.8000030517578,226.5500030517578,229.8699951171875,850400
2023-12-04,236.27999877929688,236.3800048828125,229.32000732421875,229.60000610351562,526600
2023-12-05,231.72000122070312,234.99000549316406,229.02000427246094,234.02000427246094,387900
2023-12-06,232.33999633789062,235.64999389648438,231.8300018310547,232.63999938964844,267000
2023-12-07,235.3300018310547,235.97999572753906,232.77999877929688,233.3300018310547,314300
2023-12-08,236.3800048828125,238.0399932861328,234.8300018310547,235.41000366210938,281800
2023-12-11,238.77999877929688,238.9600067138672,235.3300018310547,236.99000549316406,302300
2023-12-12,241.97000122070312,243.61000061035156,238.07000732421875,239.74000549316406,347400
2023-12-13,248.05999755859375,248.10000610351562,240.49000549316406,242.1199951171875,401900
2023-12-14,253.1199951171875,253.72999572753906,248.3000030517578,250.0,676100
2023-12-15,255.97999572753906,256.82000732421875,250.1699981689453,252.91000366210938,815500
2023-12-18,255.69000244140625,256.010009765625,251.4600067138672,253.4600067138672,372100
2023-12-19,255.9199981689453,260.3500061035156,254.61000061035156,257.69000244140625,446700
2023-12-20,252.77000427246094,257.6499938964844,252.11000061035156,255.9199981689453,559900
2023-12-21,256.8399963378906,257.67999267578125,253.5,256.94000244140625,311500
2023-12-22,259.0299987792969,260.69000244140625,257.1199951171875,258.29998779296875,279100
2023-12-26,258.1099853515625,259.2300109863281,256.8599853515625,257.94000244140625,180100
2023-12-27,259.0799865722656,259.95001220703125,257.1700134277344,257.80999755859375,340600
2023-12-28,258.5899963378906,259.8800048828125,257.9200134277344,259.6499938964844,257900
2023-12-29,258.3299865722656,259.45001220703125,256.3800048828125,258.0,330600
2024-01-02,251.6300048828125,256.010009765625,249.52999877929688,254.47000122070312,532400
2024-01-03,247.42999267578125,252.24000549316406,247.27000427246094,250.6199951171875,333000
2024-01-04,244.92999267578125,249.55999755859375,244.35000610351562,247.42999267578125,494200
2024-01-05,244.2100067138672,246.10000610351562,241.72000122070312,244.5,408600
2024-01-08,251.61000061035156,251.75,244.00999450683594,244.4499969482422,344400
2024-01-09,249.10000610351562,250.5399932861328,247.80999755859375,248.47999572753906,452200
2024-01-10,249.02000427246094,250.97000122070312,248.0,249.97999572753906,470300
2024-01-11,249.5399932861328,251.72000122070312,247.1199951171875,249.80999755859375,383900
2024-01-12,250.69000244140625,253.89999389648438,248.44000244140625,250.80999755859375,485100
2024-01-16,249.47000122070312,251.61000061035156,246.99000549316406,250.27999877929688,385200
2024-01-17,250.50999450683594,250.67999267578125,247.1199951171875,247.1199951171875,267200
2024-01-18,254.10000610351562,254.19000244140625,250.64999389648438,251.05999755859375,252400
2024-01-19,256.7900085449219,256.8599853515625,251.8699951171875,254.97999572753906,349200
2024-01-22,259.6600036621094,262.95001220703125,257.1700134277344,258.1199951171875,302700
2024-01-23,255.00999450683594,261.2799987792969,254.92999267578125,261.2799987792969,252200
2024-01-24,251.24000549316406,257.3399963378906,250.42999267578125,257.3399963378906,369300
2024-01-25,252.6999969482422,253.92999267578125,250.6300048828125,252.77999877929688,229300
2024-01-26,251.36000061035156,254.05999755859375,249.00999450683594,252.5800018310547,257000
2024-01-29,254.72999572753906,254.77000427246094,251.75,251.99000549316406,281400
2024-01-30,254.25,255.74000549316406,253.39999389648438,254.24000549316406,189100
2024-01-31,249.05999755859375,255.02000427246094,248.3800048828125,254.94000244140625,492500
2024-02-01,252.6999969482422,254.13999938964844,247.0399932861328,250.64999389648438,519400
2024-02-02,256.989990234375,258.6199951171875,251.1300048828125,252.6999969482422,361900
2024-02-05,257.4700012207031,257.760009765625,252.1999969482422,255.97000122070312,322300
2024-02-06,259.4599914550781,259.69000244140625,255.5800018310547,258.6400146484375,226200
2024-02-07,265.4700012207031,270.95001220703125,259.1199951171875,260.3399963378906,784900
2024-02-08,269.0,269.5,264.5299987792969,265.0,306100
2024-02-09,270.9800109863281,271.3900146484375,268.44000244140625,270.82000732421875,247600
2024-02-12,266.7099914550781,273.5400085449219,265.04998779296875,270.5299987792969,482600
2024-02-13,264.45001220703125,269.2799987792969,255.67999267578125,261.2799987792969,377100
2024-02-14,270.8399963378906,271.4200134277344,264.8699951171875,268.0199890136719,307700
2024-02-15,272.7900085449219,274.7799987792969,268.0,272.1000061035156,257500
2024-02-16,269.79998779296875,273.9100036621094,269.7099914550781,272.0199890136719,250400
2024-02-20,267.70001220703125,269.1600036621094,265.2300109863281,267.3800048828125,296100
2024-02-21,263.7300109863281,268.19000244140625,260.2699890136719,267.0299987792969,396000
2024-02-22,271.5400085449219,272.30999755859375,267.3800048828125,267.5799865722656,286300
2024-02-23,270.6300048828125,273.7200012207031,268.989990234375,272.8699951171875,225000
2024-02-26,271.5899963378906,274.2699890136719,270.82000732421875,272.1499938964844,321900
2024-02-27,271.82000732421875,273.6199951171875,265.32000732421875,273.510009765625,841700
2024-02-28,309.2200012207031,318.8999938964844,275.0,280.70001220703125,2658700
2024-02-29,307.3699951171875,311.0400085449219,299.07000732421875,309.2200012207031,1501500
2024-03-01,314.25,314.489990234375,302.239990234375,303.0,893700
2024-03-04,319.8800048828125,325.6300048828125,314.95001220703125,316.0,928100
2024-03-05,315.1000061035156,319.80999755859375,311.94000244140625,319.4800109863281,620200
2024-03-06,314.9700012207031,318.0,310.25,315.010009765625,467800
2024-03-07,315.1300048828125,317.989990234375,313.9599914550781,315.1000061035156,363300
2024-03-08,312.7900085449219,320.760009765625,308.8299865722656,315.1300048828125,432100
2024-03-11,310.92999267578125,313.5,308.8299865722656,310.94000244140625,447500
2024-03-12,311.3699951171875,312.07000732421875,305.9200134277344,309.8500061035156,400500
2024-03-13,306.7799987792969,312.54998779296875,304.5199890136719,311.55999755859375,603400
2024-03-14,306.42999267578125,310.8500061035156,304.75,307.42999267578125,427500
2024-03-15,307.6499938964844,309.70001220703125,304.17999267578125,304.17999267578125,1568800
2024-03-18,308.45001220703125,312.0,307.1000061035156,310.70001220703125,455900
2024-03-19,312.1300048828125,312.9100036621094,306.32000732421875,308.45001220703125,410700
2024-03-20,314.2799987792969,314.510009765625,308.6199951171875,312.45001220703125,298600
2024-03-21,316.0899963378906,319.1199951171875,314.6300048828125,316.55999755859375,279100
2024-03-22,316.32000732421875,318.17999267578125,312.3399963378906,318.17999267578125,378000
2024-03-25,315.4700012207031,317.5299987792969,313.8399963378906,316.5,629800
2024-03-26,319.1400146484375,320.55999755859375,314.75,315.4700012207031,433800
2024-03-27,315.6400146484375,321.7699890136719,314.1700134277344,321.0400085449219,401500
2024-03-28,312.8800048828125,316.9700012207031,311.8500061035156,316.9700012207031,357800
2024-04-01,311.3699951171875,314.7699890136719,309.9599914550781,314.3399963378906,318000
2024-04-02,309.3599853515625,310.1199951171875,304.79998779296875,309.3500061035156,340300
2024-04-03,309.1000061035156,311.67999267578125,308.19000244140625,308.19000244140625,344700
2024-04-04,306.8299865722656,315.6099853515625,306.6099853515625,312.1199951171875,272600
2024-04-05,309.8999938964844,312.25,306.55999755859375,306.82000732421875,183800
2024-04-08,311.2099914550781,314.20001220703125,309.1499938964844,311.19000244140625,286500
2024-04-09,311.2699890136719,311.44000244140625,306.2699890136719,310.5899963378906,305500
2024-04-10,318.260009765625,320.3399963378906,307.8599853515625,308.80999755859375,502800
2024-04-11,324.0899963378906,329.8699951171875,315.3999938964844,319.3900146484375,705100
2024-04-12,310.80999755859375,323.5,310.25,322.2300109863281,548100
2024-04-15,303.30999755859375,317.1700134277344,301.54998779296875,317.1700134277344,354900
2024-04-16,300.30999755859375,303.44000244140625,295.1000061035156,302.0,524300
2024-04-17,299.82000732421875,302.54998779296875,296.7300109863281,301.3699951171875,603300
2024-04-18,297.5899963378906,303.510009765625,297.29998779296875,300.0,593700
2024-04-19,293.6099853515625,299.5299987792969,291.3500061035156,299.17999267578125,551400
2024-04-22,293.79998779296875,296.8800048828125,291.3999938964844,294.8599853515625,513500
2024-04-23,301.55999755859375,302.57000732421875,295.3500061035156,296.7099914550781,486700
2024-04-24,302.4100036621094,308.1199951171875,302.2900085449219,304.07000732421875,524700
2024-04-25,306.239990234375,308.8299865722656,297.92999267578125,300.989990234375,305900
2024-04-26,308.2300109863281,311.8699951171875,306.57000732421875,306.57000732421875,300700
2024-04-29,313.29998779296875,313.5899963378906,307.25,308.239990234375,340600
2024-04-30,313.6600036621094,314.7799987792969,309.20001220703125,311.30999755859375,596100
2024-05-01,311.57000732421875,316.0,309.1099853515625,312.17999267578125,693700
2024-05-02,316.75,318.19000244140625,310.92999267578125,313.2200012207031,456700
2024-05-03,318.54998779296875,321.0,316.6400146484375,319.239990234375,279000
2024-05-06,327.6400146484375,329.17999267578125,321.4599914550781,322.0,773700
2024-05-07,312.7300109863281,317.5,304.8599853515625,312.82000732421875,1021700
2024-05-08,311.8599853515625,316.32000732421875,309.5299987792969,312.54998779296875,480400
2024-05-09,309.0899963378906,313.6300048828125,307.79998779296875,310.6400146484375,699200
2024-05-10,303.42999267578125,309.70001220703125,303.32000732421875,309.3800048828125,473900
2024-05-13,300.2300109863281,305.1099853515625,300.0299987792969,303.8800048828125,506800
2024-05-14,296.4599914550781,299.010009765625,290.6600036621094,299.010009765625,998300
2024-05-15,293.95001220703125,300.0,292.7900085449219,299.239990234375,683000
2024-05-16,290.44000244140625,294.1600036621094,288.3800048828125,293.6000061035156,536200
2024-05-17,288.7900085449219,292.6000061035156,286.67999267578125,292.45001220703125,513400
2024-05-20,292.0299987792969,292.8900146484375,288.19000244140625,289.9200134277344,524500
2024-05-21,287.95001220703125,291.989990234375,285.05999755859375,291.8699951171875,661700
2024-05-22,284.8699951171875,289.67999267578125,282.1000061035156,288.4800109863281,972100
2024-05-23,279.989990234375,286.2699890136719,279.19000244140625,285.0,818100
2024-05-24,285.6300048828125,285.7799987792969,279.0,280.4800109863281,410800
2024-05-28,288.20001220703125,288.20001220703125,284.2300109863281,286.0400085449219,522100
2024-05-29,284.19000244140625,288.3999938964844,283.5,285.20001220703125,471500
2024-05-30,281.7300109863281,286.1600036621094,280.260009765625,284.4599914550781,340300
2024-05-31,281.6700134277344,283.0,275.19000244140625,281.7200012207031,731100
2024-06-03,278.5299987792969,283.0,275.7900085449219,281.3500061035156,401300
2024-06-04,276.2200012207031,278.54998779296875,273.5199890136719,277.7300109863281,399000
2024-06-05,282.1300048828125,282.2799987792969,276.2300109863281,278.55999755859375,476700
2024-06-06,279.1499938964844,283.4800109863281,276.9200134277344,282.1300048828125,381600
2024-06-07,280.5,282.6000061035156,278.239990234375,279.57000732421875,331300
2024-06-10,285.3999938964844,286.80999755859375,280.0799865722656,280.0799865722656,421900
2024-06-11,287.010009765625,287.05999755859375,283.3299865722656,285.3299865722656,407300
2024-06-12,295.8399963378906,297.239990234375,288.8999938964844,290.010009765625,546100
2024-06-13,293.4800109863281,297.7799987792969,292.2900085449219,295.6199951171875,383600
2024-06-14,292.3299865722656,294.3599853515625,287.2300109863281,292.0,401100
2024-06-17,297.1700134277344,297.3800048828125,290.19000244140625,292.510009765625,413500
2024-06-18,293.5199890136719,300.8500061035156,292.0400085449219,297.4800109863281,362300
2024-06-20,293.1400146484375,296.79998779296875,290.3800048828125,294.6099853515625,366200
2024-06-21,291.1499938964844,293.2200012207031,282.8900146484375,293.2200012207031,909800
2024-06-24,292.70001220703125,296.6199951171875,290.3800048828125,291.92999267578125,705100
2024-06-25,292.6300048828125,294.489990234375,290.6300048828125,293.19000244140625,473100
2024-06-26,292.8800048828125,293.32000732421875,288.69000244140625,292.0400085449219,350300
2024-06-27,298.3500061035156,298.3999938964844,290.79998779296875,292.6700134277344,438400
2024-06-28,294.239990234375,304.55999755859375,293.5799865722656,300.0,1083400
2024-07-01,289.2099914550781,296.55999755859375,287.19000244140625,296.55999755859375,332200
2024-07-02,293.17999267578125,293.6000061035156,286.510009765625,288.25,347600
2024-07-03,296.55999755859375,297.32000732421875,292.79998779296875,294.04998779296875,175300
2024-07-05,298.3800048828125,298.69000244140625,294.1400146484375,296.9100036621094,174400
2024-07-08,302.4800109863281,303.5299987792969,299.19000244140625,299.7699890136719,372100
2024-07-09,298.510009765625,306.3500061035156,298.3599853515625,304.3699951171875,398500
2024-07-10,293.2900085449219,299.7200012207031,292.989990234375,299.0,365700
2024-07-11,291.1600036621094,295.0,290.0199890136719,293.7300109863281,528300
2024-07-12,292.6600036621094,296.9800109863281,290.0799865722656,292.239990234375,289600
2024-07-15,308.6400146484375,308.8999938964844,293.0199890136719,294.7699890136719,642300
2024-07-16,319.42999267578125,319.79998779296875,311.0199890136719,311.0199890136719,698600
2024-07-17,317.7799987792969,326.32000732421875,315.3500061035156,321.20001220703125,680600
2024-07-18,305.6700134277344,319.5,303.70001220703125,318.0,577000
2024-07-19,308.45001220703125,310.489990234375,303.6199951171875,307.92999267578125,269800
2024-07-22,316.760009765625,317.0,306.80999755859375,310.5,455900
2024-07-23,319.54998779296875,324.8599853515625,317.510009765625,318.0,763100
2024-07-24,313.1099853515625,318.8800048828125,310.010009765625,318.0199890136719,451000
2024-07-25,310.80999755859375,316.8399963378906,307.989990234375,312.45001220703125,379000
2024-07-26,310.5899963378906,314.07000732421875,308.010009765625,314.07000732421875,347900
2024-07-29,309.0,312.3999938964844,307.6499938964844,312.3999938964844,271100
2024-07-30,304.7200012207031,314.3699951171875,304.4800109863281,309.9599914550781,350200
2024-07-31,300.010009765625,308.55999755859375,299.0,307.489990234375,662400
2024-08-01,299.6300048828125,302.7200012207031,296.0899963378906,300.0,872700
2024-08-02,292.3599853515625,295.3599853515625,287.1400146484375,294.1000061035156,929200
2024-08-05,286.1600036621094,291.75,279.0199890136719,279.6400146484375,684600
2024-08-06,295.0,298.70001220703125,286.19000244140625,289.3999938964844,1070700
2024-08-07,349.239990234375,367.95001220703125,323.8900146484375,330.0,3407100
2024-08-08,368.4599914550781,371.989990234375,344.0,350.8999938964844,1518800
2024-08-09,365.0,370.3599853515625,359.30999755859375,367.2699890136719,997500
2024-08-12,368.0299987792969,375.95001220703125,366.1400146484375,368.1000061035156,545400
2024-08-13,368.9700012207031,370.82000732421875,364.7799987792969,368.0299987792969,516300
2024-08-14,370.57000732421875,371.92999267578125,365.989990234375,368.79998779296875,400300
2024-08-15,373.69000244140625,378.25,366.1499938964844,366.1499938964844,495400
2024-08-16,373.69000244140625,377.19000244140625,372.0,374.989990234375,486300
2024-08-19,373.07000732421875,376.4200134277344,370.9599914550781,373.75,430100
2024-08-20,373.04998779296875,375.7300109863281,370.0400085449219,374.45001220703125,345700
2024-08-21,375.1000061035156,378.8900146484375,371.45001220703125,373.05999755859375,573200
2024-08-22,372.69000244140625,377.25,372.44000244140625,375.94000244140625,295500
2024-08-23,370.70001220703125,376.04998779296875,369.42999267578125,375.69000244140625,464500
2024-08-26,360.489990234375,370.6400146484375,358.1000061035156,369.1099853515625,568500
2024-08-27,363.42999267578125,364.4599914550781,357.8500061035156,360.489990234375,286000
2024-08-28,362.45001220703125,368.1300048828125,361.5899963378906,363.42999267578125,323600
2024-08-29,362.0,368.8599853515625,361.9700012207031,364.0299987792969,316800
2024-08-30,364.9700012207031,366.2799987792969,361.44000244140625,363.1300048828125,454800
2024-09-03,355.1600036621094,363.2200012207031,354.5199890136719,361.3500061035156,584900
2024-09-04,355.3500061035156,356.7300109863281,349.0199890136719,351.7200012207031,681100
2024-09-05,354.8599853515625,356.3399963378906,352.1099853515625,353.5299987792969,236400
2024-09-06,354.6199951171875,357.5,346.7099914550781,356.4200134277344,509100
2024-09-09,364.3900146484375,369.44000244140625,358.6099853515625,358.6099853515625,755900
2024-09-10,359.3500061035156,366.9800109863281,357.1099853515625,364.8900146484375,324800
2024-09-11,361.7099914550781,364.489990234375,353.9100036621094,357.82000732421875,471500
2024-09-12,384.510009765625,384.7300109863281,364.6000061035156,364.8800048828125,976600
2024-09-13,379.6099853515625,385.0,375.7099914550781,382.9800109863281,506400
2024-09-16,385.7699890136719,386.5400085449219,379.9800109863281,380.989990234375,480100
2024-09-17,382.57000732421875,386.1400146484375,376.5299987792969,384.0299987792969,379000
2024-09-18,383.010009765625,387.6099853515625,380.510009765625,383.5,402100
2024-09-19,389.739990234375,391.54998779296875,383.0299987792969,390.0,461800
2024-09-20,393.2900085449219,393.5799865722656,387.05999755859375,387.07000732421875,1202600
2024-09-23,393.94000244140625,397.32000732421875,392.0,394.2900085449219,473100
2024-09-24,393.6600036621094,395.69000244140625,388.3599853515625,395.5899963378906,279600
2024-09-25,395.260009765625,395.79998779296875,392.0199890136719,394.3900146484375,534500
2024-09-26,393.25,398.739990234375,391.9700012207031,396.2300109863281,448900
2024-09-27,395.3399963378906,395.5899963378906,388.3699951171875,394.1199951171875,400700
2024-09-30,399.6000061035156,400.3299865722656,394.239990234375,395.5,548900
2024-10-01,399.2200012207031,400.7799987792969,395.3699951171875,399.8699951171875,749200
2024-10-02,404.510009765625,406.0,397.5299987792969,400.0,588000
2024-10-03,415.04998779296875,415.1099853515625,403.1600036621094,404.1700134277344,927100
2024-10-04,421.79998779296875,422.3299865722656,413.67999267578125,418.0,611900
2024-10-07,420.8299865722656,425.2300109863281,416.8800048828125,421.0,682900
2024-10-08,426.989990234375,433.4800109863281,420.489990234375,424.05999755859375,787500
2024-10-09,432.1400146484375,432.8599853515625,422.2099914550781,424.3999938964844,470800
2024-10-10,428.760009765625,432.9100036621094,424.3399963378906,430.7799987792969,494200
2024-10-11,434.9800109863281,436.54998779296875,428.7699890136719,430.19000244140625,334500
2024-10-14,437.9800109863281,440.8900146484375,435.44000244140625,437.1400146484375,326200
2024-10-15,434.1199951171875,438.0400085449219,424.57000732421875,437.9800109863281,625200
2024-10-16,433.8299865722656,435.3999938964844,428.5,433.3599853515625,376100
2024-10-17,434.4800109863281,437.8999938964844,432.7300109863281,436.0,397400
2024-10-18,438.04998779296875,438.7799987792969,434.0,438.7799987792969,228800
2024-10-21,443.9800109863281,444.1600036621094,435.2900085449219,439.0,335500
2024-10-22,449.6099853515625,455.1700134277344,443.44000244140625,445.1000061035156,624900
2024-10-23,442.69000244140625,449.20001220703125,440.6700134277344,447.5199890136719,388900
2024-10-24,443.1199951171875,446.75,438.1700134277344,442.5799865722656,263400
2024-10-25,444.5199890136719,449.8299865722656,442.7099914550781,446.1199951171875,331900
2024-10-28,444.7699890136719,449.1000061035156,443.25,449.1000061035156,447200
2024-10-29,444.0,447.6300048828125,443.70001220703125,444.9599914550781,488900
2024-10-30,439.0,445.4800109863281,438.760009765625,443.3299865722656,428100
2024-10-31,423.5,436.8999938964844,422.3800048828125,435.9599914550781,877500
2024-11-01,425.8399963378906,430.1600036621094,424.57000732421875,426.82000732421875,600500
2024-11-04,431.57000732421875,435.5,424.989990234375,425.8399963378906,479000
2024-11-05,441.0899963378906,442.7699890136719,433.9700012207031,433.9700012207031,656100
2024-11-06,459.5199890136719,462.6400146484375,450.7200012207031,459.0299987792969,723900
2024-11-07,468.75,471.0,462.80999755859375,465.5,832600
2024-11-08,603.1799926757812,611.8800048828125,515.0,540.0,3967000
2024-11-11,616.1400146484375,624.8400268554688,588.02001953125,611.0599975585938,1792700
2024-11-12,595.1799926757812,609.3599853515625,591.739990234375,609.1099853515625,1390100
2024-11-13,601.2899780273438,617.1500244140625,599.719970703125,600.0,850600
2024-11-14,604.5599975585938,609.3699951171875,592.2100219726562,601.0,727300
2024-11-15,599.3499755859375,602.0,594.4199829101562,599.530029296875,682800
2024-11-18,600.0,610.3300170898438,592.0,601.0399780273438,669600
2024-11-19,610.2000122070312,618.0700073242188,598.010009765625,598.2999877929688,1064600
2024-11-20,609.8200073242188,613.25,598.9500122070312,609.1799926757812,572300
2024-11-21,631.27001953125,640.510009765625,611.0,621.989990234375,885100
2024-11-22,636.9500122070312,641.2000122070312,623.510009765625,635.5,698900
2024-11-25,619.0,639.989990234375,607.2000122070312,639.5399780273438,1499700
2024-11-26,632.1599731445312,633.0,621.219970703125,622.5999755859375,619200
2024-11-27,634.9600219726562,636.3699951171875,625.8099975585938,632.0999755859375,505600
2024-11-29,646.9600219726562,652.22998046875,639.0,639.3800048828125,397600
2024-12-02,636.3900146484375,649.3900146484375,634.9500122070312,649.2000122070312,866800
2024-12-03,669.8699951171875,675.47998046875,638.0,652.8200073242188,1383700
2024-12-04,687.3900146484375,689.3900146484375,667.0900268554688,667.0900268554688,924900
2024-12-05,689.780029296875,695.9400024414062,677.4000244140625,688.010009765625,732400
2024-12-06,687.6900024414062,698.6699829101562,680.239990234375,689.72998046875,938600
2024-12-09,642.5900268554688,687.969970703125,631.030029296875,687.6900024414062,1177500
2024-12-10,637.4500122070312,659.6799926757812,633.3099975585938,647.219970703125,928100
2024-12-11,642.4500122070312,651.1400146484375,633.8599853515625,646.6799926757812,639200
2024-12-12,636.4099731445312,657.75,635.8099975585938,648.010009765625,667200
2024-12-13,644.9099731445312,648.9099731445312,635.0,635.2899780273438,557700
2024-12-16,649.2999877929688,654.0,603.3300170898438,652.0,1741600
2024-12-17,635.760009765625,648.6900024414062,632.0,642.9299926757812,1497300
2024-12-18,609.9600219726562,638.8699951171875,604.1400146484375,637.0,1614000
2024-12-19,615.6799926757812,626.5800170898438,608.0,620.5399780273438,1316300
2024-12-20,631.6900024414062,633.2100219726562,605.0999755859375,607.9500122070312,7032800
2024-12-23,624.1400146484375,642.530029296875,616.969970703125,634.6400146484375,626700
2024-12-24,631.25,631.780029296875,619.0700073242188,619.6699829101562,260500
2024-12-26,623.7999877929688,630.0,620.9600219726562,630.0,525800
2024-12-27,610.97998046875,622.4600219726562,606.5499877929688,620.9500122070312,392100
2024-12-30,604.3200073242188,607.239990234375,591.1400146484375,601.2000122070312,648900
2024-12-31,594.3200073242188,607.1699829101562,592.280029296875,607.1699829101562,510300
2025-01-02,596.489990234375,612.25,588.1900024414062,604.0700073242188,516500
2025-01-03,601.0599975585938,608.9500122070312,594.1799926757812,595.3599853515625,434600
2025-01-06,570.7100219726562,606.3099975585938,543.47998046875,604.4000244140625,1614500
2025-01-07,562.030029296875,573.5,554.760009765625,570.719970703125,935300
2025-01-08,577.3400268554688,577.739990234375,559.22998046875,565.02001953125,590300
2025-01-10,570.0,574.8300170898438,562.7100219726562,572.0,482800
2025-01-13,568.6799926757812,569.3300170898438,556.6799926757812,561.4000244140625,422400
2025-01-14,579.7999877929688,584.22998046875,569.9500122070312,571.9000244140625,509000
2025-01-15,580.0,594.8400268554688,577.530029296875,589.4000244140625,702100
2025-01-16,585.8400268554688,592.219970703125,581.7999877929688,585.0,466000
2025-01-17,593.8900146484375,603.0,591.1900024414062,595.8400268554688,533600
2025-01-21,605.5800170898438,609.5,592.5900268554688,603.1199951171875,531100
2025-01-22,607.5999755859375,612.1400146484375,602.7100219726562,607.97998046875,362100
2025-01-23,613.3800048828125,614.5999755859375,602.8099975585938,609.5900268554688,368600
2025-01-24,610.3200073242188,615.5,605.2000122070312,613.969970703125,309800
2025-01-27,604.6799926757812,608.010009765625,587.1400146484375,597.7899780273438,458300
2025-01-28,637.530029296875,639.3400268554688,604.3699951171875,606.5800170898438,548200
2025-01-29,639.969970703125,644.8599853515625,632.1400146484375,640.0,422400
2025-01-30,653.4299926757812,657.0,643.5499877929688,646.5,536700
2025-01-31,652.1799926757812,671.0599975585938,649.760009765625,655.4400024414062,611300
2025-02-03,658.1099853515625,671.219970703125,635.5499877929688,640.75,1001800
2025-02-04,662.9099731445312,674.0,652.5800170898438,657.1400146484375,511500
2025-02-05,680.52001953125,680.969970703125,662.9099731445312,662.9099731445312,459700
2025-02-06,677.4000244140625,684.3599853515625,661.0,680.989990234375,559200
2025-02-07,679.239990234375,689.5399780273438,677.9299926757812,680.0,556200
2025-02-10,677.8499755859375,686.0800170898438,672.0,684.3200073242188,432400
2025-02-11,669.260009765625,678.47998046875,656.719970703125,678.47998046875,421500
2025-02-12,665.0800170898438,668.5700073242188,652.260009765625,656.489990234375,495800
2025-02-13,664.7000122070312,671.4400024414062,655.0700073242188,667.75,356100
2025-02-14,683.4099731445312,686.1699829101562,648.8499755859375,662.5700073242188,694100
2025-02-18,710.010009765625,715.989990234375,691.8599853515625,694.02001953125,1318700
2025-02-19,593.4199829101562,705.0999755859375,592.760009765625,700.0,2319600
2025-02-20,541.8099975585938,584.0,521.6599731445312,581.0,2514000
2025-02-21,513.219970703125,551.6599731445312,510.5299987792969,551.6599731445312,1454500
2025-02-24,499.7300109863281,524.3499755859375,496.19000244140625,516.510009765625,1322600
2025-02-25,496.6499938964844,502.239990234375,480.17999267578125,498.9100036621094,1360300
2025-02-26,572.4000244140625,600.989990234375,558.2100219726562,584.9500122070312,2838000
2025-02-27,525.4400024414062,578.8699951171875,521.7000122070312,575.0,1453900
2025-02-28,528.4500122070312,531.3599853515625,514.0399780273438,526.969970703125,1153700
2025-03-03,525.75,541.75,520.6699829101562,532.8400268554688,875800
2025-03-04,528.280029296875,543.4099731445312,503.0199890136719,513.8699951171875,956100
2025-03-05,534.9600219726562,538.97998046875,521.0800170898438,529.75,944900
2025-03-06,499.30999755859375,526.1900024414062,495.0,522.8499755859375,912300
2025-03-07,526.4000244140625,527.9400024414062,500.0,500.0,1277800
2025-03-10,515.4500122070312,522.0599975585938,501.8500061035156,508.3900146484375,1359900
2025-03-11,526.6400146484375,539.1699829101562,509.0,518.260009765625,975300
2025-03-12,557.8900146484375,560.72998046875,539.1300048828125,540.3699951171875,1215600
2025-03-13,534.5599975585938,569.9500122070312,530.219970703125,558.8099975585938,760600
2025-03-14,556.260009765625,557.4500122070312,543.8800048828125,544.5499877929688,656200
2025-03-17,554.8200073242188,563.7000122070312,549.5800170898438,552.719970703125,664500
2025-03-18,539.989990234375,555.5800170898438,532.52001953125,548.7000122070312,558300
2025-03-19,568.1099853515625,571.4000244140625,542.6500244140625,545.3400268554688,576500
2025-03-20,558.4099731445312,572.8200073242188,556.5,560.1599731445312,524900
2025-03-21,560.0,562.280029296875,544.3400268554688,550.6300048828125,803500
2025-03-24,572.52001953125,574.1599731445312,561.0,571.989990234375,689500
2025-03-25,577.1799926757812,579.6699829101562,566.969970703125,569.2100219726562,439800
2025-03-26,559.0599975585938,578.2000122070312,553.5599975585938,575.5700073242188,521600
2025-03-27,550.6500244140625,557.0,540.0,554.780029296875,374500
2025-03-28,534.9500122070312,550.4000244140625,529.0,550.4000244140625,678200
2025-03-31,525.9500122070312,528.8300170898438,507.0299987792969,522.6699829101562,779100
2025-04-01,541.2000122070312,542.97998046875,520.1900024414062,521.5900268554688,509500
2025-04-02,558.4199829101562,560.2999877929688,530.6900024414062,530.6900024414062,731800
2025-04-03,539.6900024414062,553.5999755859375,528.760009765625,532.6699829101562,661900
2025-04-04,497.1300048828125,520.0,486.1000061035156,511.260009765625,971200
2025-04-07,502.54998779296875,524.8200073242188,469.239990234375,471.7200012207031,1045900
2025-04-08,504.0299987792969,536.8400268554688,497.989990234375,522.7100219726562,942900
2025-04-09,559.8400268554688,567.0399780273438,497.3599853515625,503.1499938964844,1105400
2025-04-10,551.25,564.3599853515625,534.219970703125,543.8499755859375,655700
2025-04-11,567.97998046875,569.0,541.52001953125,549.0,516500
2025-04-14,574.8300170898438,590.0,571.719970703125,578.0,665800
2025-04-15,578.4199829101562,584.1699829101562,572.8200073242188,575.0999755859375,330600
2025-04-16,571.8499755859375,581.1099853515625,564.6799926757812,572.010009765625,368400
2025-04-17,559.530029296875,578.2000122070312,556.3900146484375,578.2000122070312,519600
2025-04-21,541.9299926757812,556.6300048828125,531.219970703125,550.0,478900
2025-04-22,555.52001953125,561.8099975585938,546.0,551.3200073242188,440800
2025-04-23,576.9000244140625,594.4600219726562,574.2000122070312,576.4000244140625,492700
2025-04-24,590.6699829101562,593.8400268554688,571.0,576.1500244140625,493200
2025-04-25,603.780029296875,603.97998046875,590.719970703125,590.719970703125,556200
2025-04-28,602.4600219726562,614.0,594.5399780273438,605.6599731445312,456100
2025-04-29,611.1300048828125,612.030029296875,598.8099975585938,603.5700073242188,399500
2025-04-30,613.2999877929688,614.760009765625,585.489990234375,591.5900268554688,519600
2025-05-01,621.0999755859375,627.72998046875,613.02001953125,617.9600219726562,450500
2025-05-02,628.1599731445312,638.3499755859375,626.4600219726562,632.1799926757812,507900
2025-05-05,621.4000244140625,631.1599731445312,620.989990234375,624.989990234375,358100
2025-05-06,601.6699829101562,612.780029296875,597.5599975585938,608.969970703125,759300
2025-05-07,601.8200073242188,607.5999755859375,594.52001953125,602.010009765625,886300
2025-05-08,686.8300170898438,698.27001953125,644.6099853515625,646.3800048828125,1693000
2025-05-09,684.5900268554688,697.3900146484375,677.6099853515625,684.010009765625,642400
2025-05-12,693.0999755859375,703.0,667.0,700.0,878000
2025-05-13,724.77001953125,732.1699829101562,694.7100219726562,695.0,868800
2025-05-14,728.530029296875,730.760009765625,715.5900268554688,725.0,566000
2025-05-15,728.3900146484375,732.219970703125,722.0,725.5,569900
2025-05-16,733.1799926757812,735.6799926757812,724.739990234375,732.0,420500
2025-05-19,742.3200073242188,742.3400268554688,721.0499877929688,721.989990234375,425600
2025-05-20,742.75,744.510009765625,734.8900146484375,741.4099731445312,383500
2025-05-21,735.3800048828125,748.7999877929688,730.010009765625,738.0,570700
2025-05-22,723.75,735.0,722.030029296875,734.0700073242188,510400
2025-05-23,731.3699951171875,735.4299926757812,714.0,717.97998046875,422400
2025-05-27,746.0800170898438,748.1400146484375,736.6300048828125,740.5800170898438,477500
2025-05-28,751.0,755.0499877929688,743.6300048828125,748.8099975585938,524500
2025-05-29,730.2899780273438,754.8099975585938,729.1599731445312,753.1900024414062,535400
2025-05-30,750.3599853515625,751.989990234375,729.1400146484375,731.010009765625,1121100
2025-06-02,758.5700073242188,765.0,742.7999877929688,755.0,521000
2025-06-03,759.0700073242188,766.260009765625,750.0,761.0,503300
2025-06-04,780.0,780.6199951171875,757.4500122070312,760.0,558100
2025-06-05,788.3599853515625,793.239990234375,773.989990234375,780.530029296875,682200
2025-06-06,791.8499755859375,798.1599731445312,784.6400146484375,794.9199829101562,443700
2025-06-09,783.7999877929688,806.6400146484375,775.8599853515625,795.8300170898438,537200
2025-06-10,762.6599731445312,787.6099853515625,751.25,778.5399780273438,600200
2025-06-11,778.3599853515625,782.7899780273438,746.9000244140625,764.6699829101562,487400
2025-06-12,775.2000122070312,781.1199951171875,772.6099853515625,773.1599731445312,350100
2025-06-13,780.6300048828125,786.77001953125,767.5999755859375,771.8099975585938,359000
2025-06-16,780.6099853515625,797.5,779.280029296875,786.3699951171875,471000
2025-06-17,777.5399780273438,782.75,770.2000122070312,776.3900146484375,445600
2025-06-18,770.7899780273438,779.8900146484375,761.9000244140625,775.8499755859375,482800
2025-06-20,777.3200073242188,781.0,767.0800170898438,780.280029296875,1182000
2025-06-23,783.239990234375,791.3800048828125,767.3200073242188,773.47998046875,391200
2025-06-24,794.25,799.6599731445312,758.239990234375,785.0,743500
2025-06-25,785.0700073242188,801.0,780.6599731445312,800.0,440400
2025-06-26,803.9500122070312,805.47998046875,791.8099975585938,791.8099975585938,484300
2025-06-27,818.5999755859375,820.8300170898438,802.280029296875,804.8499755859375,1010900
2025-06-30,827.9400024414062,830.2100219726562,816.8599853515625,818.75,529900
2025-07-01,775.3800048828125,829.5,765.5,825.8900146484375,997400
2025-07-02,774.5499877929688,782.97998046875,756.719970703125,774.6799926757812,574300
2025-07-03,795.47998046875,797.8900146484375,780.0,781.77001953125,268700
2025-07-07,802.1599731445312,804.4400024414062,790.0,796.02001953125,452800
2025-07-08,790.219970703125,815.0,774.0999755859375,802.719970703125,507700
2025-07-09,805.8599853515625,809.989990234375,785.0,794.2999877929688,339900
2025-07-10,732.989990234375,803.0,728.4299926757812,802.1099853515625,1225700
2025-07-11,729.6199951171875,753.02001953125,723.0,740.3300170898438,1121500
2025-07-14,750.260009765625,752.969970703125,723.989990234375,727.0999755859375,538600
2025-07-15,745.8699951171875,753.5700073242188,740.1599731445312,752.739990234375,373400
2025-07-16,742.77001953125,748.27001953125,725.0499877929688,743.5599975585938,516000
2025-07-17,745.8599853515625,753.25,739.7899780273438,744.7999877929688,341000
2025-07-18,756.0900268554688,757.97998046875,741.0700073242188,747.8300170898438,404200
2025-07-21,751.5499877929688,758.25,741.9099731445312,755.9199829101562,377300
2025-07-22,720.739990234375,749.010009765625,720.1799926757812,749.010009765625,759600
2025-07-23,705.219970703125,728.9500122070312,694.719970703125,725.7999877929688,1098200
2025-07-24,709.260009765625,715.75,695.0,705.219970703125,1104900
2025-07-25,735.010009765625,742.22998046875,709.8200073242188,711.3900146484375,723400
2025-07-28,736.2899780273438,747.2999877929688,722.0700073242188,740.3599853515625,627700
2025-07-29,728.739990234375,742.1900024414062,725.7899780273438,742.1900024414062,383300
2025-07-30,748.5999755859375,749.7999877929688,725.0,728.739990234375,447900
2025-07-31,755.489990234375,762.0499877929688,747.239990234375,752.6199951171875,513200
2025-08-01,742.469970703125,747.4099731445312,728.0,739.4600219726562,457600
2025-08-04,744.8800048828125,755.0,736.9500122070312,751.0399780273438,769800
2025-08-05,867.1199951171875,885.9199829101562,802.9600219726562,818.0,2535000
2025-08-06,863.6500244140625,879.219970703125,843.02001953125,859.760009765625,842000
2025-08-07,870.969970703125,885.0,860.97998046875,867.22998046875,700900
2025-08-08,842.5,878.6199951171875,835.7000122070312,872.469970703125,667300
2025-08-11,818.6900024414062,844.1500244140625,817.3599853515625,842.8900146484375,615600
2025-08-12,768.5700073242188,824.6599731445312,767.510009765625,819.6400146484375,997600
2025-08-13,765.52001953125,780.0,731.739990234375,776.97998046875,1129000
2025-08-14,749.8300170898438,764.260009765625,745.0,764.260009765625,517800
2025-08-15,754.239990234375,762.0,739.010009765625,750.2100219726562,583300
2025-08-18,791.6199951171875,792.6400146484375,753.77001953125,755.1799926757812,848300
2025-08-19,758.2899780273438,784.0,755.0,779.8300170898438,654300
2025-08-20,760.8900146484375,763.7100219726562,740.5,754.1699829101562,409700
2025-08-21,763.510009765625,768.0,752.5,763.0,367000
2025-08-22,766.239990234375,784.1400146484375,757.5,764.3699951171875,395500
2025-08-25,763.52001953125,777.5399780273438,762.27001953125,766.219970703125,301200
2025-08-26,769.02001953125,775.0,761.0499877929688,764.2000122070312,414000
2025-08-27,769.6799926757812,779.7899780273438,767.0,774.760009765625,327100
2025-08-28,781.9000244140625,794.2899780273438,771.5,772.8300170898438,553800
2025-08-29,747.2899780273438,785.8400268554688,745.4600219726562,784.3200073242188,583300
2025-09-02,743.5900268554688,748.8300170898438,726.0,733.8099975585938,494300
2025-09-03,725.2899780273438,738.0,713.2100219726562,737.260009765625,635200
2025-09-04,730.1599731445312,731.1900024414062,719.0,725.780029296875,383600
2025-09-05,728.4099731445312,738.77001953125,708.760009765625,731.0,398100
2025-09-08,740.6099853515625,750.0,733.8800048828125,736.3699951171875,608800
2025-09-09,731.97998046875,740.0,718.0,734.0900268554688,311800
2025-09-10,747.5499877929688,750.9600219726562,734.260009765625,736.6599731445312,481300
2025-09-11,751.1099853515625,765.010009765625,745.4299926757812,751.6099853515625,467000
2025-09-12,756.1300048828125,765.4400024414062,754.4600219726562,756.6599731445312,303800
2025-09-15,760.7899780273438,774.3200073242188,756.2000122070312,760.0,393400
2025-09-16,750.6699829101562,766.6300048828125,750.6500244140625,760.7899780273438,484700
2025-09-17,751.8099975585938,762.1799926757812,748.2999877929688,750.6699829101562,504200
2025-09-18,766.469970703125,772.0,753.0,756.3499755859375,436600
2025-09-19,774.530029296875,779.0900268554688,760.010009765625,771.77001953125,1740500
2025-09-22,775.9199829101562,778.9400024414062,761.5499877929688,766.3300170898438,406900
2025-09-23,777.5800170898438,792.1599731445312,768.219970703125,769.1599731445312,449000
2025-09-24,698.02001953125,789.2899780273438,697.7999877929688,789.2899780273438,1192500
2025-09-25,712.1500244140625,723.1500244140625,694.5399780273438,696.969970703125,974700
2025-09-26,708.8400268554688,722.0,697.4600219726562,718.0,442500
2025-09-29,716.02001953125,722.8400268554688,703.0,716.3400268554688,719300
2025-09-30,717.6400146484375,724.8800048828125,700.25,716.0399780273438,608700
2025-10-01,711.3400268554688,720.0800170898438,697.0,708.6400146484375,520100
2025-10-02,720.530029296875,725.1599731445312,703.239990234375,719.9099731445312,452700
2025-10-03,715.510009765625,726.760009765625,712.760009765625,721.510009765625,378800
2025-10-06,721.5900268554688,724.27001953125,705.0,719.2000122070312,431900
2025-10-07,714.5999755859375,728.3400268554688,706.6099853515625,720.8800048828125,376300
2025-10-08,727.4099731445312,732.8599853515625,708.0399780273438,715.6400146484375,501000
2025-10-09,734.0399780273438,753.1599731445312,722.510009765625,726.02001953125,512200
2025-10-10,703.030029296875,740.0,702.27001953125,733.1799926757812,456200
2025-10-13,710.0,718.0,699.1300048828125,705.530029296875,395700
2025-10-14,704.6699829101562,717.530029296875,690.4600219726562,698.6799926757812,363000
2025-10-15,644.989990234375,714.0499877929688,638.5,708.530029296875,1360300
2025-10-16,652.1699829101562,663.25,642.3599853515625,648.5,800500
2025-10-17,670.6799926757812,677.0599975585938,639.5,645.510009765625,675100
2025-10-20,683.1300048828125,686.969970703125,673.0,675.1400146484375,453600
2025-10-21,707.0399780273438,708.02001953125,685.0,687.989990234375,498500
2025-10-22,701.0900268554688,709.9500122070312,683.3499755859375,709.77001953125,576000
2025-10-23,716.3900146484375,718.1900024414062,704.010009765625,704.4099731445312,343400
2025-10-24,735.9500122070312,737.530029296875,724.2100219726562,726.4400024414062,383700
2025-10-27,749.0,756.0399780273438,741.5700073242188,746.5900268554688,489500
2025-10-28,755.0,764.02001953125,745.0,746.1199951171875,566100
2025-10-29,759.4400024414062,762.0800170898438,742.0,750.47998046875,445800
2025-10-30,738.8800048828125,760.8499755859375,737.6300048828125,760.8499755859375,491200
2025-10-31,732.22998046875,749.9600219726562,731.0,745.0,533200
2025-11-03,724.0999755859375,738.22998046875,720.739990234375,737.0599975585938,603800
2025-11-04,706.1300048828125,719.9199829101562,698.3200073242188,715.4600219726562,1132900
2025-11-05,639.530029296875,657.3599853515625,560.0,563.8400268554688,4863000
2025-11-06,587.1400146484375,631.989990234375,584.2100219726562,628.5999755859375,1891500
2025-11-07,602.510009765625,611.2100219726562,577.7999877929688,587.0,1049900
2025-11-10,584.6900024414062,611.3499755859375,580.3900146484375,611.3499755859375,1118600
2025-11-11,572.1799926757812,585.0,561.9199829101562,583.1599731445312,1240000
2025-11-12,569.510009765625,575.9199829101562,565.3699951171875,570.3499755859375,1048600
2025-11-13,557.2899780273438,580.0,556.5999755859375,565.8800048828125,1285500
2025-11-14,554.3699951171875,569.0399780273438,546.6400146484375,548.9000244140625,823300
2025-11-17,543.22998046875,554.6500244140625,538.3599853515625,554.5599975585938,812200
2025-11-18,533.77001953125,549.219970703125,528.9500122070312,541.27001953125,841200
2025-11-19,531.0900268554688,533.510009765625,521.1900024414062,533.0,1059500
2025-11-20,519.6099853515625,553.1900024414062,519.1199951171875,541.8499755859375,787200
2025-11-21,521.989990234375,527.9000244140625,508.7200012207031,519.6099853515625,902200
2025-11-24,524.5999755859375,525.2999877929688,515.8300170898438,521.4600219726562,1024200
2025-11-25,528.8900146484375,539.7999877929688,514.25,523.5,914400
2025-11-26,533.1699829101562,537.6699829101562,527.219970703125,533.5900268554688,444900
2025-11-28,540.1400146484375,542.7000122070312,533.1799926757812,538.739990234375,294900
2025-12-01,533.2100219726562,540.4500122070312,525.0,531.52001953125,770000
2025-12-02,537.75,542.530029296875,532.6199951171875,534.8099975585938,584200
2025-12-03,543.5499877929688,544.5999755859375,531.0,536.75,552200
2025-12-04,550.6099853515625,553.4600219726562,540.6500244140625,547.489990234375,1259100
2025-12-05,550.9500122070312,556.0,544.8099975585938,551.02001953125,389500
2025-12-08,553.1199951171875,555.3800048828125,548.219970703125,553.7000122070312,533200
2025-12-09,546.6500244140625,552.7100219726562,540.030029296875,550.989990234375,459300
2025-12-10,568.3900146484375,579.5999755859375,552.0700073242188,552.2999877929688,1396000
2025-12-11,581.030029296875,586.3699951171875,553.280029296875,563.989990234375,742700
2025-12-12,564.280029296875,584.1300048828125,561.6300048828125,584.1300048828125,943800
2025-12-15,551.7899780273438,576.719970703125,541.9400024414062,568.1799926757812,1017000
2025-12-16,555.0599975585938,559.52001953125,540.9299926757812,548.3200073242188,897700
2025-12-17,550.0,563.469970703125,544.5,546.3400268554688,1140700
2025-12-18,563.280029296875,568.6099853515625,555.1500244140625,555.8400268554688,955600
2025-12-19,594.2000122070312,603.1199951171875,561.9099731445312,566.2999877929688,2688900
2025-12-22,600.1900024414062,617.969970703125,596.5,603.9500122070312,876200
2025-12-23,591.02001953125,608.3800048828125,584.2899780273438,597.260009765625,709500
2025-12-24,591.1500244140625,591.8200073242188,581.7100219726562,587.0399780273438,218900
2025-12-26,583.8400268554688,591.1500244140625,577.1300048828125,591.1500244140625,328400
2025-12-29,580.5499877929688,586.989990234375,577.219970703125,580.0,443500
2025-12-30,572.1099853515625,580.8900146484375,571.1400146484375,579.0,430800
2025-12-31,567.9299926757812,574.1900024414062,567.8200073242188,572.9400024414062,469200
2026-01-02,563.4500122070312,579.5800170898438,554.4000244140625,573.3699951171875,517600
2026-01-05,591.1599731445312,601.6900024414062,568.3599853515625,569.6500244140625,777900
2026-01-06,626.6500244140625,633.9199829101562,595.0,602.9099731445312,1203500
2026-01-07,620.9099731445312,626.3400268554688,608.1099853515625,619.7899780273438,778300
2026-01-08,612.97998046875,640.719970703125,609.1400146484375,630.5999755859375,590900
2026-01-09,631.6900024414062,636.010009765625,615.0,617.719970703125,615600
2026-01-12,631.72998046875,633.27001953125,617.5800170898438,631.0,479200
2026-01-13,641.510009765625,649.8900146484375,623.3400268554688,635.0,784100
2026-01-14,629.219970703125,649.0,617.5900268554688,636.3599853515625,752800
2026-01-15,637.1900024414062,642.1799926757812,627.77001953125,636.010009765625,455600
2026-01-16,636.0399780273438,649.2999877929688,633.0900268554688,641.0900268554688,678400
2026-01-20,620.52001953125,636.0,617.8800048828125,625.969970703125,634800
2026-01-21,610.25,624.6900024414062,595.5399780273438,619.25,670200
2026-01-22,607.2899780273438,617.989990234375,598.280029296875,613.010009765625,509800
2026-01-23,613.1400146484375,622.3900146484375,605.0,608.7999877929688,423000
2026-01-26,605.0700073242188,616.0800170898438,603.1099853515625,611.0,443100
2026-01-27,610.219970703125,614.2100219726562,596.0,604.0,333000
2026-01-28,549.8599853515625,612.1300048828125,549.0900268554688,610.6500244140625,1337400
2026-01-29,509.5799865722656,556.5,502.55999755859375,555.010009765625,1539000
2026-01-30,483.5799865722656,509.1199951171875,481.3500061035156,505.3599853515625,1287200
2026-02-02,459.989990234375,491.260009765625,459.5,482.0,1149300
2026-02-03,451.2900085449219,471.75,434.6199951171875,471.75,2253100
2026-02-04,430.6499938964844,453.989990234375,420.57000732421875,447.6300048828125,1725600
2026-02-05,399.6499938964844,431.67999267578125,397.82000732421875,426.4100036621094,1529700
2026-02-06,414.20001220703125,414.9599914550781,396.4100036621094,410.0,1479400
2026-02-09,433.7699890136719,434.6099853515625,412.0,418.2200012207031,1507800
2026-02-10,446.9700012207031,458.1400146484375,436.0,438.57000732421875,1779300
2026-02-11,434.45001220703125,455.8299865722656,432.0,453.3900146484375,1104700
2026-02-12,435.80999755859375,443.19000244140625,428.04998779296875,438.2099914550781,868400
2026-02-13,429.6700134277344,446.0,420.6099853515625,440.1300048828125,953600
2026-02-17,431.94000244140625,444.8299865722656,426.489990234375,433.6199951171875,710600
2026-02-18,430.1199951171875,443.5299987792969,427.010009765625,433.989990234375,691200
2026-02-19,441.1199951171875,443.0,423.5,429.04998779296875,593800
2026-02-20,433.9100036621094,449.8900146484375,429.010009765625,435.1700134277344,648000
2026-02-23,423.44000244140625,431.5199890136719,420.5,426.239990234375,810500
2026-02-24,442.510009765625,444.9599914550781,410.5400085449219,420.7699890136719,1458400
2026-02-25,520.1799926757812,551.969970703125,498.29998779296875,498.42999267578125,4422000
2026-02-26,550.1900024414062,555.3599853515625,517.0700073242188,528.0700073242188,2090200
2026-02-27,542.4000244140625,545.02001953125,523.8300170898438,540.5,1676700
2026-03-02,572.02001953125,577.3200073242188,543.0,548.1599731445312,1316400
2026-03-03,579.0900268554688,588.3800048828125,552.2100219726562,569.1400146484375,1185600
2026-03-04,569.8099975585938,580.3300170898438,563.6900024414062,573.1699829101562,783900
2026-03-05,570.489990234375,580.2100219726562,557.3599853515625,566.9299926757812,738400
2026-03-06,574.010009765625,581.0,559.3699951171875,566.0,653400
2026-03-09,559.0599975585938,577.530029296875,546.1699829101562,565.510009765625,792100
2026-03-10,529.969970703125,559.3400268554688,528.3400268554688,556.2899780273438,797200
2026-03-11,517.5700073242188,535.0,512.8200073242188,528.0999755859375,564200
2026-03-12,499.3999938964844,516.239990234375,490.02349853515625,515.0,1015851
